ind,time,age,male,female
0,0,0,7,10
1,0,1,133,148
2,0,2,151,136
3,0,3,126,154
4,0,4,145,142
5,0,5,146,160
6,0,6,182,148
7,0,7,137,127
8,0,8,141,135
9,0,9,167,141
10,0,10,137,145
11,0,11,156,129
12,0,12,150,144
13,0,13,165,140
14,0,14,130,142
15,0,15,125,132
16,0,16,135,143
17,0,17,132,140
18,0,18,129,143
19,0,19,137,138
20,0,20,128,135
21,0,21,71,73
22,0,22,89,71
23,0,23,74,71
24,0,24,84,74
25,0,25,85,88
26,0,26,85,73
27,0,27,86,96
28,0,28,98,90
29,0,29,83,113
30,0,30,90,89
31,0,31,72,93
32,0,32,99,117
33,0,33,86,83
34,0,34,126,98
35,0,35,95,107
36,0,36,109,123
37,0,37,120,102
38,0,38,105,107
39,0,39,109,98
40,0,40,103,103
41,0,41,112,129
42,0,42,112,124
43,0,43,124,92
44,0,44,106,97
45,0,45,88,100
46,0,46,112,111
47,0,47,101,93
48,0,48,97,99
49,0,49,110,86
50,0,50,88,81
51,0,51,156,165
52,0,52,154,123
53,0,53,127,133
54,0,54,137,125
55,0,55,113,113
56,0,56,109,107
57,0,57,98,96
58,0,58,100,111
59,0,59,104,99
60,0,60,103,84
61,0,61,79,74
62,0,62,67,63
63,0,63,63,76
64,0,64,65,75
65,0,65,64,79
66,0,66,63,59
67,0,67,52,69
68,0,68,64,61
69,0,69,49,55
70,0,70,48,62
71,0,71,59,49
72,0,72,41,38
73,0,73,36,52
74,0,74,32,47
75,0,75,36,38
76,0,76,32,44
77,0,77,34,37
78,0,78,21,33
79,0,79,23,25
80,0,80,27,29
81,0,81,15,18
82,0,82,22,22
83,0,83,13,17
84,0,84,20,19
85,0,85,14,15
86,0,86,15,12
87,0,87,16,13
88,0,88,12,10
89,0,89,9,5
90,0,90,9,10
91,0,91,7,8
92,0,92,7,10
93,0,93,4,6
94,0,94,8,5
95,0,95,6,5
96,0,96,6,3
97,0,97,5,6
98,0,98,5,7
99,0,99,1,2
100,0,100,1,3
101,0,101,0,0
102,1,0,9,10
103,1,1,7,10
104,1,2,133,148
105,1,3,151,136
106,1,4,126,154
107,1,5,145,142
108,1,6,146,160
109,1,7,182,148
110,1,8,137,127
111,1,9,141,135
112,1,10,167,141
113,1,11,137,145
114,1,12,156,129
115,1,13,150,144
116,1,14,165,140
117,1,15,129,142
118,1,16,125,132
119,1,17,135,143
120,1,18,132,140
121,1,19,129,143
122,1,20,137,137
123,1,21,128,135
124,1,22,71,73
125,1,23,89,71
126,1,24,74,71
127,1,25,84,74
128,1,26,85,87
129,1,27,85,73
130,1,28,86,96
131,1,29,98,90
132,1,30,83,113
133,1,31,90,89
134,1,32,72,93
135,1,33,99,117
136,1,34,86,83
137,1,35,126,98
138,1,36,95,107
139,1,37,109,123
140,1,38,119,102
141,1,39,105,107
142,1,40,109,98
143,1,41,102,103
144,1,42,110,129
145,1,43,112,124
146,1,44,123,92
147,1,45,106,97
148,1,46,88,100
149,1,47,112,111
150,1,48,99,93
151,1,49,97,99
152,1,50,110,86
153,1,51,88,81
154,1,52,154,165
155,1,53,153,122
156,1,54,127,133
157,1,55,137,125
158,1,56,113,112
159,1,57,108,107
160,1,58,98,96
161,1,59,98,111
162,1,60,101,99
163,1,61,100,84
164,1,62,78,73
165,1,63,62,63
166,1,64,62,71
167,1,65,64,75
168,1,66,61,77
169,1,67,61,58
170,1,68,52,67
171,1,69,63,61
172,1,70,47,54
173,1,71,48,60
174,1,72,57,47
175,1,73,39,36
176,1,74,33,50
177,1,75,30,42
178,1,76,32,37
179,1,77,32,42
180,1,78,32,32
181,1,79,19,32
182,1,80,21,23
183,1,81,23,27
184,1,82,11,18
185,1,83,20,22
186,1,84,9,16
187,1,85,17,15
188,1,86,13,13
189,1,87,14,9
190,1,88,16,12
191,1,89,9,8
192,1,90,8,5
193,1,91,7,8
194,1,92,4,5
195,1,93,6,9
196,1,94,3,5
197,1,95,8,4
198,1,96,6,3
199,1,97,6,3
200,1,98,4,6
201,1,99,4,2
202,1,100,1,1
203,1,101,0,0
204,2,0,6,6
205,2,1,9,10
206,2,2,7,10
207,2,3,133,148
208,2,4,151,136
209,2,5,126,154
210,2,6,144,141
211,2,7,146,160
212,2,8,182,148
213,2,9,137,127
214,2,10,141,135
215,2,11,167,141
216,2,12,137,145
217,2,13,156,129
218,2,14,150,144
219,2,15,165,140
220,2,16,129,142
221,2,17,125,132
222,2,18,135,143
223,2,19,132,140
224,2,20,129,143
225,2,21,137,137
226,2,22,127,135
227,2,23,71,73
228,2,24,89,71
229,2,25,74,71
230,2,26,84,74
231,2,27,85,87
232,2,28,84,73
233,2,29,86,96
234,2,30,98,90
235,2,31,83,113
236,2,32,89,89
237,2,33,72,92
238,2,34,99,117
239,2,35,86,82
240,2,36,126,98
241,2,37,95,107
242,2,38,109,123
243,2,39,119,102
244,2,40,105,107
245,2,41,108,98
246,2,42,102,103
247,2,43,109,129
248,2,44,112,124
249,2,45,123,92
250,2,46,106,96
251,2,47,88,100
252,2,48,111,111
253,2,49,99,93
254,2,50,95,99
255,2,51,109,86
256,2,52,88,80
257,2,53,154,165
258,2,54,152,122
259,2,55,126,133
260,2,56,134,124
261,2,57,111,111
262,2,58,107,107
263,2,59,97,96
264,2,60,97,111
265,2,61,98,99
266,2,62,100,84
267,2,63,78,72
268,2,64,62,63
269,2,65,61,70
270,2,66,63,75
271,2,67,58,77
272,2,68,61,56
273,2,69,47,67
274,2,70,60,61
275,2,71,46,52
276,2,72,45,60
277,2,73,54,46
278,2,74,36,35
279,2,75,32,47
280,2,76,28,39
281,2,77,31,37
282,2,78,28,38
283,2,79,31,32
284,2,80,18,28
285,2,81,21,23
286,2,82,21,24
287,2,83,11,16
288,2,84,19,22
289,2,85,9,16
290,2,86,16,12
291,2,87,10,12
292,2,88,10,5
293,2,89,13,10
294,2,90,8,8
295,2,91,7,3
296,2,92,6,8
297,2,93,1,4
298,2,94,5,7
299,2,95,1,4
300,2,96,8,4
301,2,97,4,2
302,2,98,6,2
303,2,99,3,2
304,2,100,3,2
305,2,101,0,0
306,3,0,3,5
307,3,1,6,6
308,3,2,9,10
309,3,3,7,10
310,3,4,133,148
311,3,5,150,136
312,3,6,126,154
313,3,7,144,141
314,3,8,146,160
315,3,9,182,148
316,3,10,137,126
317,3,11,141,135
318,3,12,167,141
319,3,13,137,145
320,3,14,155,129
321,3,15,150,144
322,3,16,165,140
323,3,17,129,142
324,3,18,125,132
325,3,19,135,143
326,3,20,132,140
327,3,21,129,143
328,3,22,137,137
329,3,23,127,135
330,3,24,71,73
331,3,25,89,71
332,3,26,74,71
333,3,27,84,74
334,3,28,85,87
335,3,29,84,73
336,3,30,86,96
337,3,31,97,90
338,3,32,83,113
339,3,33,89,89
340,3,34,72,92
341,3,35,99,116
342,3,36,86,82
343,3,37,126,98
344,3,38,95,107
345,3,39,109,123
346,3,40,118,102
347,3,41,105,107
348,3,42,108,97
349,3,43,102,103
350,3,44,108,129
351,3,45,112,124
352,3,46,123,92
353,3,47,106,96
354,3,48,88,100
355,3,49,111,111
356,3,50,99,93
357,3,51,92,99
358,3,52,108,84
359,3,53,87,80
360,3,54,153,163
361,3,55,152,122
362,3,56,124,132
363,3,57,132,124
364,3,58,109,110
365,3,59,106,106
366,3,60,96,94
367,3,61,96,110
368,3,62,98,98
369,3,63,99,84
370,3,64,73,70
371,3,65,61,63
372,3,66,60,69
373,3,67,61,75
374,3,68,56,76
375,3,69,58,55
376,3,70,45,67
377,3,71,58,61
378,3,72,46,52
379,3,73,42,59
380,3,74,53,46
381,3,75,34,35
382,3,76,30,46
383,3,77,28,38
384,3,78,31,36
385,3,79,26,37
386,3,80,27,30
387,3,81,15,26
388,3,82,21,22
389,3,83,19,20
390,3,84,10,16
391,3,85,18,20
392,3,86,7,12
393,3,87,12,12
394,3,88,9,10
395,3,89,10,3
396,3,90,11,9
397,3,91,7,7
398,3,92,7,2
399,3,93,5,5
400,3,94,0,4
401,3,95,5,7
402,3,96,1,3
403,3,97,7,2
404,3,98,4,1
405,3,99,3,2
406,3,100,2,2
407,3,101,0,0
408,4,0,10,3
409,4,1,3,5
410,4,2,6,6
411,4,3,9,10
412,4,4,7,10
413,4,5,133,148
414,4,6,150,136
415,4,7,126,154
416,4,8,144,141
417,4,9,146,160
418,4,10,182,148
419,4,11,137,126
420,4,12,141,134
421,4,13,167,141
422,4,14,137,145
423,4,15,155,128
424,4,16,148,144
425,4,17,164,140
426,4,18,129,142
427,4,19,125,132
428,4,20,135,143
429,4,21,132,140
430,4,22,128,143
431,4,23,137,137
432,4,24,127,135
433,4,25,71,73
434,4,26,89,71
435,4,27,74,71
436,4,28,84,74
437,4,29,85,87
438,4,30,84,73
439,4,31,86,96
440,4,32,97,90
441,4,33,83,113
442,4,34,89,89
443,4,35,72,92
444,4,36,99,116
445,4,37,86,82
446,4,38,125,98
447,4,39,95,107
448,4,40,109,123
449,4,41,118,102
450,4,42,105,106
451,4,43,108,97
452,4,44,102,103
453,4,45,107,128
454,4,46,111,124
455,4,47,122,92
456,4,48,106,96
457,4,49,88,100
458,4,50,111,110
459,4,51,99,93
460,4,52,92,99
461,4,53,106,84
462,4,54,87,80
463,4,55,151,162
464,4,56,152,121
465,4,57,121,131
466,4,58,130,123
467,4,59,109,109
468,4,60,104,106
469,4,61,93,92
470,4,62,90,110
471,4,63,92,96
472,4,64,99,82
473,4,65,71,70
474,4,66,61,61
475,4,67,60,69
476,4,68,60,74
477,4,69,55,75
478,4,70,55,54
479,4,71,41,64
480,4,72,56,61
481,4,73,45,50
482,4,74,41,55
483,4,75,53,46
484,4,76,31,34
485,4,77,28,45
486,4,78,27,35
487,4,79,25,36
488,4,80,25,37
489,4,81,27,24
490,4,82,13,23
491,4,83,19,18
492,4,84,18,18
493,4,85,9,14
494,4,86,15,19
495,4,87,6,11
496,4,88,11,9
497,4,89,8,9
498,4,90,9,1
499,4,91,9,9
500,4,92,4,5
501,4,93,6,2
502,4,94,3,3
503,4,95,0,3
504,4,96,4,6
505,4,97,1,3
506,4,98,6,2
507,4,99,3,0
508,4,100,3,1
509,4,101,0,0
510,5,0,1,6
511,5,1,10,3
512,5,2,3,5
513,5,3,6,6
514,5,4,9,10
515,5,5,7,10
516,5,6,133,148
517,5,7,150,136
518,5,8,126,153
519,5,9,144,141
520,5,10,146,160
521,5,11,181,148
522,5,12,137,126
523,5,13,141,134
524,5,14,167,141
525,5,15,137,145
526,5,16,155,128
527,5,17,148,144
528,5,18,163,140
529,5,19,129,142
530,5,20,125,132
531,5,21,135,143
532,5,22,132,140
533,5,23,128,143
534,5,24,137,137
535,5,25,127,135
536,5,26,71,73
537,5,27,89,71
538,5,28,74,71
539,5,29,84,74
540,5,30,85,87
541,5,31,84,73
542,5,32,86,96
543,5,33,97,90
544,5,34,83,112
545,5,35,89,88
546,5,36,72,91
547,5,37,99,116
548,5,38,86,82
549,5,39,124,98
550,5,40,95,107
551,5,41,109,123
552,5,42,118,102
553,5,43,105,106
554,5,44,108,97
555,5,45,102,103
556,5,46,107,127
557,5,47,111,124
558,5,48,122,92
559,5,49,106,96
560,5,50,88,98
561,5,51,109,109
562,5,52,99,93
563,5,53,92,98
564,5,54,106,82
565,5,55,87,79
566,5,56,151,162
567,5,57,150,120
568,5,58,119,131
569,5,59,128,123
570,5,60,108,105
571,5,61,102,104
572,5,62,93,91
573,5,63,88,109
574,5,64,88,96
575,5,65,97,79
576,5,66,68,67
577,5,67,59,60
578,5,68,60,69
579,5,69,58,71
580,5,70,49,73
581,5,71,53,53
582,5,72,41,64
583,5,73,55,58
584,5,74,43,50
585,5,75,36,53
586,5,76,51,43
587,5,77,30,32
588,5,78,26,43
589,5,79,26,34
590,5,80,20,33
591,5,81,23,35
592,5,82,26,22
593,5,83,11,21
594,5,84,18,15
595,5,85,16,15
596,5,86,8,11
597,5,87,14,15
598,5,88,4,10
599,5,89,8,8
600,5,90,8,8
601,5,91,8,1
602,5,92,8,7
603,5,93,3,5
604,5,94,5,2
605,5,95,2,3
606,5,96,0,3
607,5,97,4,1
608,5,98,1,3
609,5,99,5,1
610,5,100,1,0
611,5,101,0,0
612,6,0,8,11
613,6,1,1,6
614,6,2,10,3
615,6,3,3,5
616,6,4,6,6
617,6,5,9,10
618,6,6,7,10
619,6,7,133,148
620,6,8,149,136
621,6,9,126,153
622,6,10,143,141
623,6,11,146,160
624,6,12,181,148
625,6,13,137,126
626,6,14,141,134
627,6,15,166,139
628,6,16,137,145
629,6,17,155,128
630,6,18,147,144
631,6,19,163,140
632,6,20,129,141
633,6,21,125,132
634,6,22,135,143
635,6,23,132,140
636,6,24,128,143
637,6,25,137,137
638,6,26,127,135
639,6,27,71,73
640,6,28,89,71
641,6,29,74,71
642,6,30,84,74
643,6,31,85,87
644,6,32,84,73
645,6,33,86,95
646,6,34,97,90
647,6,35,83,110
648,6,36,89,88
649,6,37,72,91
650,6,38,99,115
651,6,39,86,81
652,6,40,124,98
653,6,41,95,107
654,6,42,108,123
655,6,43,118,102
656,6,44,104,106
657,6,45,108,96
658,6,46,102,103
659,6,47,107,127
660,6,48,110,124
661,6,49,122,91
662,6,50,106,95
663,6,51,88,98
664,6,52,109,107
665,6,53,98,93
666,6,54,92,98
667,6,55,104,82
668,6,56,86,79
669,6,57,149,162
670,6,58,150,119
671,6,59,119,131
672,6,60,126,123
673,6,61,106,104
674,6,62,99,103
675,6,63,90,91
676,6,64,85,109
677,6,65,86,95
678,6,66,94,79
679,6,67,67,66
680,6,68,56,60
681,6,69,59,69
682,6,70,56,70
683,6,71,48,71
684,6,72,52,50
685,6,73,39,61
686,6,74,54,55
687,6,75,41,49
688,6,76,35,52
689,6,77,45,42
690,6,78,28,32
691,6,79,25,39
692,6,80,21,28
693,6,81,17,33
694,6,82,19,30
695,6,83,25,21
696,6,84,10,18
697,6,85,16,14
698,6,86,12,12
699,6,87,7,10
700,6,88,8,14
701,6,89,4,8
702,6,90,7,4
703,6,91,8,7
704,6,92,6,1
705,6,93,6,7
706,6,94,3,4
707,6,95,4,2
708,6,96,2,1
709,6,97,0,2
710,6,98,1,1
711,6,99,0,2
712,6,100,4,1
713,6,101,0,0
714,7,0,7,11
715,7,1,8,11
716,7,2,1,6
717,7,3,10,3
718,7,4,3,5
719,7,5,6,6
720,7,6,9,10
721,7,7,7,10
722,7,8,133,148
723,7,9,149,136
724,7,10,126,153
725,7,11,143,141
726,7,12,146,160
727,7,13,181,148
728,7,14,137,126
729,7,15,141,134
730,7,16,166,139
731,7,17,137,145
732,7,18,155,128
733,7,19,147,144
734,7,20,162,139
735,7,21,129,141
736,7,22,125,132
737,7,23,135,143
738,7,24,132,140
739,7,25,127,143
740,7,26,136,137
741,7,27,127,135
742,7,28,71,73
743,7,29,89,71
744,7,30,74,71
745,7,31,84,74
746,7,32,85,87
747,7,33,84,73
748,7,34,86,95
749,7,35,97,90
750,7,36,83,110
751,7,37,88,88
752,7,38,72,91
753,7,39,98,115
754,7,40,86,81
755,7,41,124,98
756,7,42,95,107
757,7,43,107,123
758,7,44,118,102
759,7,45,104,105
760,7,46,108,96
761,7,47,102,102
762,7,48,107,127
763,7,49,110,124
764,7,50,122,91
765,7,51,106,95
766,7,52,88,97
767,7,53,109,107
768,7,54,98,93
769,7,55,92,97
770,7,56,103,82
771,7,57,86,78
772,7,58,145,160
773,7,59,148,119
774,7,60,117,131
775,7,61,123,121
776,7,62,105,103
777,7,63,99,101
778,7,64,86,91
779,7,65,84,109
780,7,66,85,95
781,7,67,93,77
782,7,68,65,65
783,7,69,56,60
784,7,70,58,68
785,7,71,55,69
786,7,72,46,69
787,7,73,48,49
788,7,74,37,60
789,7,75,53,54
790,7,76,41,47
791,7,77,35,45
792,7,78,44,41
793,7,79,27,31
794,7,80,22,36
795,7,81,19,26
796,7,82,15,32
797,7,83,17,26
798,7,84,21,19
799,7,85,7,16
800,7,86,13,12
801,7,87,10,11
802,7,88,7,7
803,7,89,7,13
804,7,90,4,6
805,7,91,7,2
806,7,92,8,6
807,7,93,6,1
808,7,94,4,5
809,7,95,3,2
810,7,96,4,2
811,7,97,2,0
812,7,98,0,2
813,7,99,0,1
814,7,100,0,2
815,7,101,0,0
816,8,0,13,9
817,8,1,7,11
818,8,2,8,11
819,8,3,1,6
820,8,4,10,3
821,8,5,3,5
822,8,6,6,6
823,8,7,9,10
824,8,8,7,10
825,8,9,133,148
826,8,10,149,136
827,8,11,126,153
828,8,12,143,141
829,8,13,146,160
830,8,14,181,147
831,8,15,137,126
832,8,16,141,134
833,8,17,166,139
834,8,18,137,144
835,8,19,154,128
836,8,20,147,144
837,8,21,162,139
838,8,22,129,141
839,8,23,125,132
840,8,24,134,143
841,8,25,132,140
842,8,26,127,143
843,8,27,136,137
844,8,28,127,134
845,8,29,71,73
846,8,30,88,71
847,8,31,74,71
848,8,32,83,74
849,8,33,84,87
850,8,34,84,73
851,8,35,85,95
852,8,36,97,90
853,8,37,83,110
854,8,38,88,88
855,8,39,72,91
856,8,40,98,115
857,8,41,84,80
858,8,42,124,98
859,8,43,94,107
860,8,44,107,122
861,8,45,118,102
862,8,46,104,104
863,8,47,108,96
864,8,48,102,102
865,8,49,107,127
866,8,50,110,124
867,8,51,121,91
868,8,52,106,95
869,8,53,88,97
870,8,54,107,107
871,8,55,98,93
872,8,56,92,96
873,8,57,102,81
874,8,58,86,78
875,8,59,143,159
876,8,60,147,117
877,8,61,115,131
878,8,62,122,120
879,8,63,103,103
880,8,64,97,101
881,8,65,85,91
882,8,66,77,107
883,8,67,83,93
884,8,68,90,75
885,8,69,64,64
886,8,70,54,56
887,8,71,57,65
888,8,72,54,67
889,8,73,43,66
890,8,74,45,47
891,8,75,33,58
892,8,76,51,51
893,8,77,38,45
894,8,78,33,43
895,8,79,42,41
896,8,80,25,28
897,8,81,22,35
898,8,82,18,24
899,8,83,14,28
900,8,84,16,24
901,8,85,19,18
902,8,86,7,15
903,8,87,11,10
904,8,88,10,8
905,8,89,7,7
906,8,90,6,11
907,8,91,4,3
908,8,92,5,1
909,8,93,7,5
910,8,94,6,0
911,8,95,4,4
912,8,96,3,2
913,8,97,2,2
914,8,98,2,0
915,8,99,0,2
916,8,100,0,1
917,8,101,0,0
918,9,0,7,12
919,9,1,13,9
920,9,2,7,11
921,9,3,8,11
922,9,4,1,6
923,9,5,10,3
924,9,6,3,5
925,9,7,6,6
926,9,8,9,10
927,9,9,7,10
928,9,10,133,148
929,9,11,149,136
930,9,12,126,153
931,9,13,143,141
932,9,14,146,160
933,9,15,180,147
934,9,16,137,126
935,9,17,141,134
936,9,18,166,139
937,9,19,137,144
938,9,20,154,128
939,9,21,147,144
940,9,22,161,139
941,9,23,129,141
942,9,24,125,132
943,9,25,134,143
944,9,26,132,140
945,9,27,127,143
946,9,28,136,137
947,9,29,127,134
948,9,30,71,73
949,9,31,88,71
950,9,32,74,71
951,9,33,83,74
952,9,34,84,86
953,9,35,84,73
954,9,36,85,95
955,9,37,97,90
956,9,38,83,109
957,9,39,88,88
958,9,40,72,91
959,9,41,98,114
960,9,42,84,79
961,9,43,124,98
962,9,44,94,107
963,9,45,106,122
964,9,46,118,101
965,9,47,102,103
966,9,48,108,96
967,9,49,102,102
968,9,50,107,126
969,9,51,110,124
970,9,52,120,91
971,9,53,105,95
972,9,54,88,97
973,9,55,107,107
974,9,56,98,93
975,9,57,91,96
976,9,58,102,81
977,9,59,84,78
978,9,60,141,157
979,9,61,144,115
980,9,62,112,128
981,9,63,121,118
982,9,64,103,102
983,9,65,94,100
984,9,66,79,91
985,9,67,74,103
986,9,68,81,92
987,9,69,89,75
988,9,70,59,61
989,9,71,51,54
990,9,72,52,65
991,9,73,50,66
992,9,74,40,64
993,9,75,42,46
994,9,76,30,58
995,9,77,50,48
996,9,78,37,42
997,9,79,29,42
998,9,80,36,40
999,9,81,25,26
1000,9,82,21,31
1001,9,83,18,21
1002,9,84,12,24
1003,9,85,12,21
1004,9,86,16,17
1005,9,87,7,14
1006,9,88,11,9
1007,9,89,10,7
1008,9,90,7,6
1009,9,91,3,9
1010,9,92,4,2
1011,9,93,2,1
1012,9,94,7,5
1013,9,95,6,0
1014,9,96,2,4
1015,9,97,2,2
1016,9,98,2,1
1017,9,99,2,0
1018,9,100,0,2
1019,9,101,0,0
1020,10,0,4,7
1021,10,1,7,12
1022,10,2,13,9
1023,10,3,7,11
1024,10,4,8,11
1025,10,5,1,6
1026,10,6,10,3
1027,10,7,3,5
1028,10,8,6,6
1029,10,9,9,10
1030,10,10,7,10
1031,10,11,133,148
1032,10,12,149,136
1033,10,13,126,153
1034,10,14,143,141
1035,10,15,146,160
1036,10,16,180,147
1037,10,17,137,126
1038,10,18,141,134
1039,10,19,166,139
1040,10,20,137,144
1041,10,21,154,128
1042,10,22,147,144
1043,10,23,161,139
1044,10,24,129,141
1045,10,25,125,132
1046,10,26,134,143
1047,10,27,132,140
1048,10,28,127,143
1049,10,29,136,137
1050,10,30,127,134
1051,10,31,71,73
1052,10,32,88,71
1053,10,33,74,71
1054,10,34,82,74
1055,10,35,84,86
1056,10,36,84,73
1057,10,37,85,95
1058,10,38,97,90
1059,10,39,83,109
1060,10,40,88,88
1061,10,41,72,91
1062,10,42,98,114
1063,10,43,84,79
1064,10,44,124,98
1065,10,45,94,107
1066,10,46,105,122
1067,10,47,118,101
1068,10,48,102,103
1069,10,49,108,96
1070,10,50,102,100
1071,10,51,106,126
1072,10,52,108,122
1073,10,53,120,91
1074,10,54,103,94
1075,10,55,87,97
1076,10,56,106,107
1077,10,57,97,93
1078,10,58,89,96
1079,10,59,101,81
1080,10,60,83,78
1081,10,61,139,157
1082,10,62,138,113
1083,10,63,112,126
1084,10,64,117,115
1085,10,65,103,100
1086,10,66,91,97
1087,10,67,78,90
1088,10,68,72,102
1089,10,69,80,92
1090,10,70,87,74
1091,10,71,56,58
1092,10,72,50,54
1093,10,73,48,63
1094,10,74,48,61
1095,10,75,39,63
1096,10,76,41,43
1097,10,77,26,55
1098,10,78,44,46
1099,10,79,35,41
1100,10,80,25,40
1101,10,81,31,38
1102,10,82,23,26
1103,10,83,19,28
1104,10,84,14,20
1105,10,85,10,21
1106,10,86,9,20
1107,10,87,13,15
1108,10,88,6,13
1109,10,89,9,8
1110,10,90,9,6
1111,10,91,7,6
1112,10,92,3,8
1113,10,93,4,2
1114,10,94,2,0
1115,10,95,7,4
1116,10,96,5,0
1117,10,97,1,3
1118,10,98,2,1
1119,10,99,0,1
1120,10,100,1,0
1121,10,101,0,0
1122,11,0,8,10
1123,11,1,4,7
1124,11,2,7,12
1125,11,3,13,9
1126,11,4,7,11
1127,11,5,8,11
1128,11,6,1,6
1129,11,7,10,3
1130,11,8,3,5
1131,11,9,6,6
1132,11,10,9,10
1133,11,11,7,10
1134,11,12,133,148
1135,11,13,149,136
1136,11,14,126,153
1137,11,15,143,141
1138,11,16,145,160
1139,11,17,180,147
1140,11,18,137,126
1141,11,19,141,134
1142,11,20,166,139
1143,11,21,137,143
1144,11,22,154,128
1145,11,23,147,144
1146,11,24,161,139
1147,11,25,129,141
1148,11,26,125,132
1149,11,27,134,143
1150,11,28,132,140
1151,11,29,126,143
1152,11,30,136,137
1153,11,31,127,134
1154,11,32,71,73
1155,11,33,88,71
1156,11,34,74,71
1157,11,35,82,74
1158,11,36,84,86
1159,11,37,83,73
1160,11,38,85,95
1161,11,39,97,90
1162,11,40,83,109
1163,11,41,87,88
1164,11,42,72,91
1165,11,43,98,114
1166,11,44,84,78
1167,11,45,124,98
1168,11,46,92,107
1169,11,47,105,122
1170,11,48,118,101
1171,11,49,102,103
1172,11,50,107,95
1173,11,51,101,100
1174,11,52,106,126
1175,11,53,107,122
1176,11,54,120,91
1177,11,55,101,93
1178,11,56,85,97
1179,11,57,104,105
1180,11,58,97,92
1181,11,59,89,95
1182,11,60,101,81
1183,11,61,83,78
1184,11,62,134,156
1185,11,63,138,112
1186,11,64,110,125
1187,11,65,114,115
1188,11,66,98,99
1189,11,67,90,96
1190,11,68,74,87
1191,11,69,71,97
1192,11,70,79,91
1193,11,71,80,71
1194,11,72,54,58
1195,11,73,49,54
1196,11,74,46,60
1197,11,75,44,59
1198,11,76,37,63
1199,11,77,37,40
1200,11,78,25,53
1201,11,79,36,42
1202,11,80,32,36
1203,11,81,24,35
1204,11,82,25,35
1205,11,83,18,23
1206,11,84,17,24
1207,11,85,11,17
1208,11,86,9,20
1209,11,87,9,18
1210,11,88,11,14
1211,11,89,5,12
1212,11,90,8,4
1213,11,91,8,6
1214,11,92,6,5
1215,11,93,3,4
1216,11,94,2,2
1217,11,95,2,0
1218,11,96,5,4
1219,11,97,5,0
1220,11,98,1,1
1221,11,99,2,1
1222,11,100,0,0
1223,11,101,0,0
1224,12,0,9,3
1225,12,1,8,10
1226,12,2,4,7
1227,12,3,7,12
1228,12,4,13,9
1229,12,5,7,11
1230,12,6,8,11
1231,12,7,1,6
1232,12,8,10,3
1233,12,9,3,5
1234,12,10,6,6
1235,12,11,9,10
1236,12,12,7,10
1237,12,13,133,148
1238,12,14,149,136
1239,12,15,126,153
1240,12,16,143,141
1241,12,17,145,160
1242,12,18,180,147
1243,12,19,137,126
1244,12,20,141,134
1245,12,21,166,139
1246,12,22,136,143
1247,12,23,153,127
1248,12,24,147,144
1249,12,25,161,139
1250,12,26,128,141
1251,12,27,124,132
1252,12,28,134,143
1253,12,29,132,140
1254,12,30,126,143
1255,12,31,136,136
1256,12,32,127,134
1257,12,33,71,73
1258,12,34,88,71
1259,12,35,74,71
1260,12,36,82,74
1261,12,37,84,86
1262,12,38,82,73
1263,12,39,85,95
1264,12,40,97,90
1265,12,41,83,109
1266,12,42,87,88
1267,12,43,72,91
1268,12,44,98,114
1269,12,45,84,78
1270,12,46,124,98
1271,12,47,92,107
1272,12,48,105,122
1273,12,49,117,101
1274,12,50,102,103
1275,12,51,106,95
1276,12,52,101,100
1277,12,53,106,125
1278,12,54,107,121
1279,12,55,119,90
1280,12,56,101,92
1281,12,57,85,97
1282,12,58,102,104
1283,12,59,95,92
1284,12,60,89,93
1285,12,61,100,80
1286,12,62,82,78
1287,12,63,130,156
1288,12,64,138,109
1289,12,65,106,122
1290,12,66,113,114
1291,12,67,94,97
1292,12,68,86,96
1293,12,69,73,82
1294,12,70,66,95
1295,12,71,77,90
1296,12,72,78,70
1297,12,73,54,55
1298,12,74,45,53
1299,12,75,45,58
1300,12,76,39,57
1301,12,77,35,61
1302,12,78,33,35
1303,12,79,23,51
1304,12,80,36,40
1305,12,81,29,33
1306,12,82,21,31
1307,12,83,24,32
1308,12,84,16,22
1309,12,85,17,21
1310,12,86,11,16
1311,12,87,8,17
1312,12,88,8,17
1313,12,89,9,11
1314,12,90,3,10
1315,12,91,7,4
1316,12,92,6,6
1317,12,93,6,4
1318,12,94,2,4
1319,12,95,1,2
1320,12,96,2,0
1321,12,97,4,3
1322,12,98,5,0
1323,12,99,1,1
1324,12,100,1,0
1325,12,101,0,0
1326,13,0,8,6
1327,13,1,9,3
1328,13,2,8,10
1329,13,3,4,7
1330,13,4,7,12
1331,13,5,13,9
1332,13,6,7,11
1333,13,7,8,11
1334,13,8,1,6
1335,13,9,10,3
1336,13,10,3,5
1337,13,11,6,6
1338,13,12,9,10
1339,13,13,7,10
1340,13,14,133,148
1341,13,15,149,136
1342,13,16,126,153
1343,13,17,143,141
1344,13,18,145,160
1345,13,19,180,147
1346,13,20,137,126
1347,13,21,141,134
1348,13,22,166,139
1349,13,23,136,143
1350,13,24,153,127
1351,13,25,147,144
1352,13,26,161,139
1353,13,27,128,141
1354,13,28,124,132
1355,13,29,134,143
1356,13,30,132,140
1357,13,31,124,143
1358,13,32,136,136
1359,13,33,127,134
1360,13,34,71,73
1361,13,35,87,71
1362,13,36,74,71
1363,13,37,82,74
1364,13,38,84,86
1365,13,39,82,73
1366,13,40,85,95
1367,13,41,97,89
1368,13,42,83,109
1369,13,43,87,88
1370,13,44,72,91
1371,13,45,98,114
1372,13,46,84,78
1373,13,47,122,98
1374,13,48,92,106
1375,13,49,104,122
1376,13,50,115,100
1377,13,51,102,103
1378,13,52,106,95
1379,13,53,101,100
1380,13,54,105,125
1381,13,55,107,119
1382,13,56,117,90
1383,13,57,99,91
1384,13,58,82,97
1385,13,59,101,101
1386,13,60,92,91
1387,13,61,88,93
1388,13,62,98,80
1389,13,63,82,78
1390,13,64,126,153
1391,13,65,135,109
1392,13,66,105,121
1393,13,67,112,112
1394,13,68,90,97
1395,13,69,85,94
1396,13,70,71,78
1397,13,71,64,93
1398,13,72,74,88
1399,13,73,71,69
1400,13,74,51,53
1401,13,75,45,51
1402,13,76,44,55
1403,13,77,37,53
1404,13,78,32,59
1405,13,79,33,33
1406,13,80,21,47
1407,13,81,34,37
1408,13,82,27,31
1409,13,83,18,27
1410,13,84,22,31
1411,13,85,16,21
1412,13,86,16,19
1413,13,87,10,13
1414,13,88,8,13
1415,13,89,8,13
1416,13,90,9,8
1417,13,91,3,8
1418,13,92,6,3
1419,13,93,5,5
1420,13,94,4,4
1421,13,95,2,4
1422,13,96,1,2
1423,13,97,1,0
1424,13,98,1,2
1425,13,99,1,0
1426,13,100,1,1
1427,13,101,0,0
1428,14,0,11,5
1429,14,1,8,6
1430,14,2,9,3
1431,14,3,8,10
1432,14,4,4,7
1433,14,5,7,12
1434,14,6,13,9
1435,14,7,7,11
1436,14,8,8,11
1437,14,9,1,6
1438,14,10,10,3
1439,14,11,3,5
1440,14,12,6,6
1441,14,13,9,10
1442,14,14,7,10
1443,14,15,133,148
1444,14,16,149,136
1445,14,17,126,153
1446,14,18,143,141
1447,14,19,145,160
1448,14,20,180,147
1449,14,21,137,126
1450,14,22,141,134
1451,14,23,166,139
1452,14,24,136,143
1453,14,25,153,127
1454,14,26,147,144
1455,14,27,160,139
1456,14,28,128,141
1457,14,29,124,132
1458,14,30,134,143
1459,14,31,132,140
1460,14,32,124,142
1461,14,33,136,136
1462,14,34,126,134
1463,14,35,71,73
1464,14,36,87,71
1465,14,37,74,71
1466,14,38,82,74
1467,14,39,84,86
1468,14,40,82,73
1469,14,41,85,95
1470,14,42,96,89
1471,14,43,83,109
1472,14,44,87,88
1473,14,45,72,91
1474,14,46,98,114
1475,14,47,84,78
1476,14,48,122,98
1477,14,49,92,106
1478,14,50,102,122
1479,14,51,115,100
1480,14,52,101,102
1481,14,53,105,94
1482,14,54,101,100
1483,14,55,105,125
1484,14,56,107,119
1485,14,57,116,90
1486,14,58,98,91
1487,14,59,81,96
1488,14,60,98,101
1489,14,61,89,90
1490,14,62,86,93
1491,14,63,96,78
1492,14,64,79,78
1493,14,65,124,151
1494,14,66,134,106
1495,14,67,103,119
1496,14,68,109,109
1497,14,69,87,94
1498,14,70,80,93
1499,14,71,68,77
1500,14,72,63,91
1501,14,73,72,86
1502,14,74,68,64
1503,14,75,48,52
1504,14,76,44,50
1505,14,77,42,54
1506,14,78,35,51
1507,14,79,27,56
1508,14,80,28,30
1509,14,81,19,42
1510,14,82,31,35
1511,14,83,26,26
1512,14,84,14,24
1513,14,85,19,29
1514,14,86,13,20
1515,14,87,15,18
1516,14,88,9,12
1517,14,89,7,13
1518,14,90,8,13
1519,14,91,8,6
1520,14,92,3,6
1521,14,93,5,3
1522,14,94,1,4
1523,14,95,3,3
1524,14,96,1,2
1525,14,97,1,2
1526,14,98,1,0
1527,14,99,0,2
1528,14,100,1,0
1529,14,101,0,0
1530,15,0,10,6
1531,15,1,11,5
1532,15,2,8,6
1533,15,3,9,3
1534,15,4,8,10
1535,15,5,4,7
1536,15,6,7,12
1537,15,7,13,9
1538,15,8,7,11
1539,15,9,8,11
1540,15,10,1,6
1541,15,11,10,3
1542,15,12,3,5
1543,15,13,6,6
1544,15,14,9,10
1545,15,15,7,10
1546,15,16,133,148
1547,15,17,149,136
1548,15,18,126,153
1549,15,19,143,141
1550,15,20,145,160
1551,15,21,180,147
1552,15,22,137,126
1553,15,23,141,134
1554,15,24,166,139
1555,15,25,135,143
1556,15,26,153,127
1557,15,27,146,144
1558,15,28,159,139
1559,15,29,128,141
1560,15,30,124,132
1561,15,31,134,143
1562,15,32,131,139
1563,15,33,124,142
1564,15,34,136,136
1565,15,35,126,134
1566,15,36,71,73
1567,15,37,86,71
1568,15,38,74,71
1569,15,39,82,74
1570,15,40,84,86
1571,15,41,82,73
1572,15,42,85,94
1573,15,43,96,88
1574,15,44,83,109
1575,15,45,87,88
1576,15,46,71,91
1577,15,47,98,114
1578,15,48,84,78
1579,15,49,121,97
1580,15,50,92,106
1581,15,51,102,121
1582,15,52,113,100
1583,15,53,101,101
1584,15,54,105,94
1585,15,55,100,100
1586,15,56,105,125
1587,15,57,107,119
1588,15,58,113,89
1589,15,59,95,90
1590,15,60,80,96
1591,15,61,96,100
1592,15,62,87,87
1593,15,63,84,91
1594,15,64,93,78
1595,15,65,79,77
1596,15,66,123,147
1597,15,67,131,104
1598,15,68,97,115
1599,15,69,106,107
1600,15,70,84,91
1601,15,71,80,90
1602,15,72,67,72
1603,15,73,60,91
1604,15,74,68,84
1605,15,75,61,63
1606,15,76,45,50
1607,15,77,39,48
1608,15,78,42,52
1609,15,79,35,49
1610,15,80,24,53
1611,15,81,25,27
1612,15,82,17,40
1613,15,83,28,31
1614,15,84,19,26
1615,15,85,12,20
1616,15,86,15,27
1617,15,87,11,17
1618,15,88,11,14
1619,15,89,6,8
1620,15,90,7,10
1621,15,91,7,13
1622,15,92,7,5
1623,15,93,3,6
1624,15,94,3,2
1625,15,95,1,3
1626,15,96,2,2
1627,15,97,1,2
1628,15,98,1,0
1629,15,99,1,0
1630,15,100,0,2
1631,15,101,0,0
1632,16,0,13,10
1633,16,1,10,6
1634,16,2,11,5
1635,16,3,8,6
1636,16,4,9,3
1637,16,5,8,10
1638,16,6,4,7
1639,16,7,7,12
1640,16,8,13,9
1641,16,9,7,11
1642,16,10,8,11
1643,16,11,1,6
1644,16,12,10,3
1645,16,13,3,5
1646,16,14,6,6
1647,16,15,9,10
1648,16,16,7,10
1649,16,17,133,148
1650,16,18,149,136
1651,16,19,125,153
1652,16,20,143,140
1653,16,21,145,160
1654,16,22,180,147
1655,16,23,137,126
1656,16,24,141,134
1657,16,25,166,139
1658,16,26,135,143
1659,16,27,153,127
1660,16,28,146,144
1661,16,29,159,139
1662,16,30,128,141
1663,16,31,124,132
1664,16,32,134,143
1665,16,33,131,138
1666,16,34,123,142
1667,16,35,136,136
1668,16,36,126,134
1669,16,37,71,73
1670,16,38,86,71
1671,16,39,74,71
1672,16,40,82,74
1673,16,41,84,86
1674,16,42,82,72
1675,16,43,85,94
1676,16,44,94,87
1677,16,45,82,109
1678,16,46,86,88
1679,16,47,71,91
1680,16,48,98,114
1681,16,49,84,77
1682,16,50,121,97
1683,16,51,92,106
1684,16,52,102,121
1685,16,53,113,100
1686,16,54,101,100
1687,16,55,105,93
1688,16,56,99,99
1689,16,57,104,125
1690,16,58,106,119
1691,16,59,112,89
1692,16,60,95,90
1693,16,61,79,96
1694,16,62,96,99
1695,16,63,85,86
1696,16,64,81,90
1697,16,65,90,77
1698,16,66,73,77
1699,16,67,122,145
1700,16,68,126,102
1701,16,69,97,113
1702,16,70,106,104
1703,16,71,80,88
1704,16,72,76,87
1705,16,73,64,71
1706,16,74,58,88
1707,16,75,65,82
1708,16,76,58,56
1709,16,77,45,49
1710,16,78,37,45
1711,16,79,38,48
1712,16,80,33,47
1713,16,81,23,52
1714,16,82,23,24
1715,16,83,15,37
1716,16,84,24,27
1717,16,85,17,24
1718,16,86,8,18
1719,16,87,12,24
1720,16,88,9,15
1721,16,89,6,12
1722,16,90,4,7
1723,16,91,5,10
1724,16,92,7,12
1725,16,93,6,4
1726,16,94,2,4
1727,16,95,3,2
1728,16,96,1,1
1729,16,97,2,2
1730,16,98,1,2
1731,16,99,1,0
1732,16,100,1,0
1733,16,101,0,0
1734,17,0,7,13
1735,17,1,13,10
1736,17,2,10,6
1737,17,3,11,5
1738,17,4,8,6
1739,17,5,9,3
1740,17,6,8,10
1741,17,7,4,7
1742,17,8,7,12
1743,17,9,13,9
1744,17,10,7,11
1745,17,11,8,11
1746,17,12,1,6
1747,17,13,10,3
1748,17,14,3,5
1749,17,15,6,6
1750,17,16,9,10
1751,17,17,7,10
1752,17,18,133,148
1753,17,19,149,136
1754,17,20,125,153
1755,17,21,143,140
1756,17,22,145,160
1757,17,23,180,147
1758,17,24,137,126
1759,17,25,141,134
1760,17,26,166,139
1761,17,27,135,143
1762,17,28,152,127
1763,17,29,146,144
1764,17,30,158,139
1765,17,31,127,141
1766,17,32,124,132
1767,17,33,134,143
1768,17,34,131,138
1769,17,35,123,142
1770,17,36,136,136
1771,17,37,126,134
1772,17,38,71,73
1773,17,39,86,71
1774,17,40,74,71
1775,17,41,82,74
1776,17,42,84,85
1777,17,43,82,72
1778,17,44,85,93
1779,17,45,94,87
1780,17,46,82,109
1781,17,47,86,88
1782,17,48,71,91
1783,17,49,98,114
1784,17,50,82,77
1785,17,51,119,96
1786,17,52,91,106
1787,17,53,102,121
1788,17,54,113,100
1789,17,55,100,99
1790,17,56,102,93
1791,17,57,98,99
1792,17,58,101,124
1793,17,59,106,119
1794,17,60,112,89
1795,17,61,92,90
1796,17,62,79,95
1797,17,63,94,99
1798,17,64,81,85
1799,17,65,80,88
1800,17,66,88,76
1801,17,67,69,76
1802,17,68,115,143
1803,17,69,123,102
1804,17,70,95,110
1805,17,71,99,102
1806,17,72,73,87
1807,17,73,73,85
1808,17,74,61,68
1809,17,75,57,87
1810,17,76,64,80
1811,17,77,55,54
1812,17,78,41,47
1813,17,79,35,41
1814,17,80,36,46
1815,17,81,30,40
1816,17,82,22,50
1817,17,83,19,22
1818,17,84,10,35
1819,17,85,20,23
1820,17,86,16,23
1821,17,87,6,16
1822,17,88,9,18
1823,17,89,8,13
1824,17,90,5,10
1825,17,91,4,5
1826,17,92,4,9
1827,17,93,5,10
1828,17,94,5,2
1829,17,95,2,4
1830,17,96,3,2
1831,17,97,1,1
1832,17,98,1,2
1833,17,99,0,1
1834,17,100,0,0
1835,17,101,0,0
1836,18,0,12,13
1837,18,1,7,13
1838,18,2,13,10
1839,18,3,10,6
1840,18,4,11,5
1841,18,5,8,6
1842,18,6,9,3
1843,18,7,8,10
1844,18,8,4,7
1845,18,9,7,12
1846,18,10,13,9
1847,18,11,7,11
1848,18,12,8,11
1849,18,13,1,6
1850,18,14,10,3
1851,18,15,3,5
1852,18,16,6,6
1853,18,17,9,10
1854,18,18,7,10
1855,18,19,133,148
1856,18,20,149,136
1857,18,21,125,153
1858,18,22,143,140
1859,18,23,145,160
1860,18,24,180,147
1861,18,25,137,126
1862,18,26,141,134
1863,18,27,166,139
1864,18,28,135,142
1865,18,29,152,126
1866,18,30,146,144
1867,18,31,158,139
1868,18,32,127,141
1869,18,33,123,132
1870,18,34,134,143
1871,18,35,131,138
1872,18,36,123,142
1873,18,37,135,136
1874,18,38,126,133
1875,18,39,71,73
1876,18,40,85,71
1877,18,41,74,71
1878,18,42,82,74
1879,18,43,84,85
1880,18,44,82,72
1881,18,45,85,93
1882,18,46,94,86
1883,18,47,82,109
1884,18,48,86,88
1885,18,49,71,91
1886,18,50,98,113
1887,18,51,82,77
1888,18,52,118,96
1889,18,53,91,106
1890,18,54,102,121
1891,18,55,113,100
1892,18,56,98,99
1893,18,57,102,92
1894,18,58,98,99
1895,18,59,98,124
1896,18,60,104,119
1897,18,61,112,87
1898,18,62,92,88
1899,18,63,79,93
1900,18,64,94,99
1901,18,65,78,85
1902,18,66,79,88
1903,18,67,87,76
1904,18,68,68,75
1905,18,69,114,141
1906,18,70,120,97
1907,18,71,91,108
1908,18,72,94,99
1909,18,73,71,85
1910,18,74,68,81
1911,18,75,56,68
1912,18,76,53,83
1913,18,77,61,78
1914,18,78,49,53
1915,18,79,37,45
1916,18,80,30,38
1917,18,81,31,38
1918,18,82,26,36
1919,18,83,17,45
1920,18,84,16,19
1921,18,85,9,33
1922,18,86,19,22
1923,18,87,12,19
1924,18,88,6,15
1925,18,89,5,16
1926,18,90,6,10
1927,18,91,4,10
1928,18,92,3,3
1929,18,93,3,9
1930,18,94,5,9
1931,18,95,5,0
1932,18,96,2,4
1933,18,97,3,2
1934,18,98,1,1
1935,18,99,1,2
1936,18,100,0,0
1937,18,101,0,0
1938,19,0,9,12
1939,19,1,12,13
1940,19,2,7,13
1941,19,3,13,10
1942,19,4,10,6
1943,19,5,11,5
1944,19,6,8,6
1945,19,7,9,3
1946,19,8,8,10
1947,19,9,4,7
1948,19,10,7,12
1949,19,11,13,9
1950,19,12,7,11
1951,19,13,8,11
1952,19,14,1,6
1953,19,15,10,3
1954,19,16,3,5
1955,19,17,6,6
1956,19,18,9,10
1957,19,19,7,10
1958,19,20,133,148
1959,19,21,149,136
1960,19,22,124,153
1961,19,23,143,140
1962,19,24,145,160
1963,19,25,180,146
1964,19,26,137,126
1965,19,27,141,134
1966,19,28,166,139
1967,19,29,135,142
1968,19,30,152,126
1969,19,31,146,144
1970,19,32,158,139
1971,19,33,126,141
1972,19,34,122,132
1973,19,35,133,143
1974,19,36,131,138
1975,19,37,123,142
1976,19,38,135,135
1977,19,39,125,133
1978,19,40,71,73
1979,19,41,85,71
1980,19,42,74,71
1981,19,43,82,74
1982,19,44,84,85
1983,19,45,82,72
1984,19,46,85,93
1985,19,47,94,86
1986,19,48,81,109
1987,19,49,86,88
1988,19,50,71,91
1989,19,51,98,113
1990,19,52,82,77
1991,19,53,117,96
1992,19,54,91,106
1993,19,55,102,121
1994,19,56,113,100
1995,19,57,95,99
1996,19,58,101,92
1997,19,59,97,97
1998,19,60,96,124
1999,19,61,102,119
2000,19,62,109,87
2001,19,63,90,85
2002,19,64,76,93
2003,19,65,91,98
2004,19,66,76,85
2005,19,67,76,84
2006,19,68,84,73
2007,19,69,68,74
2008,19,70,111,141
2009,19,71,115,97
2010,19,72,89,104
2011,19,73,89,97
2012,19,74,66,82
2013,19,75,62,78
2014,19,76,51,65
2015,19,77,51,82
2016,19,78,58,72
2017,19,79,48,50
2018,19,80,31,42
2019,19,81,24,30
2020,19,82,26,38
2021,19,83,25,34
2022,19,84,14,41
2023,19,85,16,16
2024,19,86,8,29
2025,19,87,15,20
2026,19,88,10,16
2027,19,89,6,13
2028,19,90,5,10
2029,19,91,6,9
2030,19,92,4,10
2031,19,93,3,3
2032,19,94,3,8
2033,19,95,4,5
2034,19,96,3,0
2035,19,97,1,3
2036,19,98,3,2
2037,19,99,1,1
2038,19,100,0,2
2039,19,101,0,0
2040,20,0,9,6
2041,20,1,9,12
2042,20,2,12,13
2043,20,3,7,13
2044,20,4,13,10
2045,20,5,10,6
2046,20,6,11,5
2047,20,7,8,6
2048,20,8,9,3
2049,20,9,8,10
2050,20,10,4,7
2051,20,11,7,12
2052,20,12,13,9
2053,20,13,7,11
2054,20,14,8,11
2055,20,15,1,6
2056,20,16,10,3
2057,20,17,3,5
2058,20,18,6,6
2059,20,19,9,10
2060,20,20,7,10
2061,20,21,133,148
2062,20,22,149,136
2063,20,23,124,153
2064,20,24,143,140
2065,20,25,145,160
2066,20,26,180,146
2067,20,27,137,125
2068,20,28,141,134
2069,20,29,166,139
2070,20,30,135,142
2071,20,31,152,126
2072,20,32,146,144
2073,20,33,158,139
2074,20,34,126,141
2075,20,35,122,132
2076,20,36,133,143
2077,20,37,131,138
2078,20,38,123,142
2079,20,39,133,135
2080,20,40,125,133
2081,20,41,71,73
2082,20,42,85,70
2083,20,43,74,71
2084,20,44,82,74
2085,20,45,84,85
2086,20,46,82,72
2087,20,47,85,93
2088,20,48,94,86
2089,20,49,80,109
2090,20,50,86,88
2091,20,51,70,91
2092,20,52,98,113
2093,20,53,82,77
2094,20,54,116,96
2095,20,55,90,105
2096,20,56,102,120
2097,20,57,112,99
2098,20,58,91,96
2099,20,59,101,91
2100,20,60,94,96
2101,20,61,95,123
2102,20,62,101,118
2103,20,63,103,86
2104,20,64,89,85
2105,20,65,74,92
2106,20,66,87,98
2107,20,67,76,82
2108,20,68,76,84
2109,20,69,84,71
2110,20,70,66,71
2111,20,71,110,136
2112,20,72,112,96
2113,20,73,80,100
2114,20,74,86,95
2115,20,75,64,81
2116,20,76,58,74
2117,20,77,47,62
2118,20,78,48,79
2119,20,79,53,70
2120,20,80,44,49
2121,20,81,23,39
2122,20,82,22,28
2123,20,83,21,34
2124,20,84,23,34
2125,20,85,13,40
2126,20,86,14,14
2127,20,87,7,27
2128,20,88,13,18
2129,20,89,9,13
2130,20,90,5,12
2131,20,91,4,9
2132,20,92,6,7
2133,20,93,3,7
2134,20,94,2,2
2135,20,95,3,6
2136,20,96,1,4
2137,20,97,2,0
2138,20,98,0,2
2139,20,99,2,2
2140,20,100,0,1
2141,20,101,0,0
