Ethnicity,Gender,Variables,1990,1991,1992,1993,1994,1995,1996,1997,1998,1999,2000,2001,2002,2003,2004,2005,2006,2007,2008,2009,2010,2011,2012,2013,2014,2015,2016,2017,2018
All,Both,0 - 4 Years,224049,235519,245751,248771,247022,248089,245148,243259,240072,232614,225705,222991,217798,209903,204819,199529,194479,193626,193889,197788,194432,188249,186673,183295,181369,183575,187160,187653,185528
All,Both,5 - 9 Years,205628,205807,204724,210359,223824,230583,242270,253311,257440,256149,256574,254077,253192,247044,240517,237237,235204,229541,223622,221435,215675,208119,206324,205704,205790,204452,201509,200575,199066
All,Both,10 - 14 Years,198476,201155,202170,206698,207032,209583,209322,208388,214443,228191,235352,246972,257692,259124,257283,258553,256482,255292,253796,248628,244302,240536,233320,226244,220796,214388,207495,206253,206530
All,Both,15 - 19 Years,223305,218157,213331,204085,200002,199898,202379,203429,208282,208600,211286,210903,209687,214074,227417,234921,246547,257298,262856,262775,263750,260738,258861,255066,247337,242902,239771,232973,226520
All,Both,20 - 24 Years,238987,234658,234805,237867,239253,237425,231764,226764,217260,213031,212236,214636,216313,215412,215217,218951,219631,218485,225385,241753,247190,255069,264506,266889,263918,264127,260854,259072,255516
All,Both,25 - 29 Years,290940,289839,286490,281789,273264,267010,263481,264769,268517,270217,267161,262754,262720,250878,246713,247799,251659,254523,263114,274308,272639,262606,254582,255615,265659,271030,279988,290198,291631
All,Both,30 - 34 Years,298323,304022,306029,307731,309334,308824,309094,306773,304104,296867,290290,286690,289184,287304,290489,293414,293251,294453,289817,297240,298687,297555,295396,296870,292287,290619,285544,279340,281397
All,Both,35 - 39 Years,255993,269191,281688,291778,300133,307434,313266,315944,319208,322289,322621,322878,320753,310643,302908,299153,298203,301973,307243,317311,320024,316161,313970,305503,302029,301067,301998,300956,303720
All,Both,40 - 44 Years,206063,224210,231002,240317,250783,260994,273686,286259,296755,305241,312420,317996,320863,318282,321057,321472,323017,321049,317363,312983,309441,306614,308823,312581,316023,316755,313445,311484,303640
All,Both,45 - 49 Years,128439,129004,147384,166332,183764,208085,225769,232426,241863,252282,262201,274569,286738,292791,300671,307546,312858,315552,318078,322497,323459,323991,320925,316336,308533,303413,301183,303457,307838
All,Both,50 - 54 Years,118092,126490,131902,133399,133810,128066,128497,146576,165341,182738,206657,223842,230367,233180,244110,254168,266994,279220,289189,297383,303044,308130,310376,312988,315503,315091,315598,312814,308965
All,Both,55 - 59 Years,100102,101397,101228,103679,110127,115530,123752,129003,130334,130631,125061,125449,143175,157894,174788,197803,214601,220983,229356,239947,248696,260678,271817,281069,288392,295063,299591,301678,304390
All,Both,60 - 64 Years,83021,85729,87393,89063,91308,95326,96790,96766,99178,105370,110503,118506,123438,121724,122736,117575,118242,135501,153161,169696,191995,208160,213996,222154,231502,240493,251853,262651,271688
All,Both,65 - 69 Years,59896,61988,65005,68521,72439,76091,78589,80324,82118,84391,88305,89676,89587,89883,96007,101088,108837,113757,115185,116258,111511,112396,128879,145817,161198,182425,198020,203969,212101
All,Both,70 - 74 Years,45047,45868,46787,47987,49283,50597,52958,56176,59856,63592,66948,69048,70642,70002,72485,76545,78317,78631,81307,87428,92618,100073,104414,105746,106815,102631,103796,119494,135546
All,Both,75 - 79 Years,32336,32475,32802,32968,33406,34178,34657,35441,36422,37951,39644,42501,45830,42863,47875,51601,54413,56732,59001,61490,65178,66909,67675,70619,76294,81211,87955,91953,93327
All,Both,80 - 84 Years,17526,18856,20031,20950,21460,21689,21751,21859,22095,22345,22876,23897,25213,25783,26864,27879,29443,31519,33882,37143,39839,42145,44115,46199,48418,51785,53556,54341,57103
All,Both,85 Years & Over,9645,10339,11231,12252,13107,14116,14957,15936,16731,17182,17523,18517,19752,20107,21310,22580,23716,24947,26415,27813,29241,31122,33553,36056,38876,41663,44243,46935,49777
All,Male,0 - 4 Years,116014,121913,126806,128483,127478,128032,126375,125835,123898,120308,116756,115533,112705,108553,105608,102678,99730,99091,99147,100699,98890,95885,94924,93520,92528,93852,95678,96041,94916
All,Male,5 - 9 Years,106723,107046,106294,108966,115808,119331,125239,130512,132788,132013,132200,130786,130717,127297,124236,122334,121432,118360,115186,113683,110215,106047,105033,104586,104588,103861,102426,102010,101636
All,Male,10 - 14 Years,102654,104034,104741,107299,107508,108670,108755,108056,110977,117936,121639,127455,132502,133412,132324,132959,131748,131405,130128,127531,125271,123438,119697,116000,112959,109401,105589,104885,105026
All,Male,15 - 19 Years,115214,112489,109940,105176,103187,103121,104381,105003,107626,107777,109002,108928,108100,110336,117071,120893,126649,131582,134000,133454,134003,132579,132106,129989,126514,124287,122911,119500,116102
All,Male,20 - 24 Years,121601,118824,118217,119113,119711,118792,116130,113576,108535,106432,106249,107436,108264,107408,108156,110609,111267,110602,113468,120949,123942,128245,132675,134034,132902,133493,132046,131825,129956
All,Male,25 - 29 Years,147751,146404,143986,140995,135450,131308,128973,129020,130263,130968,129285,126761,126255,119975,117737,118231,119976,121991,126755,132022,131299,127132,123056,124013,129304,132504,137243,142427,143758
All,Male,30 - 34 Years,152133,154828,155296,155608,155684,154906,154607,152953,151047,146312,141827,138964,139579,138293,139648,141464,141031,141491,139144,142676,143048,141947,140686,141262,138954,137847,135596,132378,133775
All,Male,35 - 39 Years,130423,137016,143278,147994,151809,155495,158467,159515,161001,162187,162037,161663,160129,154963,149879,147117,145884,147400,149911,155109,156318,154097,152252,147408,144959,143795,143553,142776,143661
All,Male,40 - 44 Years,104452,113672,117088,121914,127357,132331,138535,144845,149792,153861,157640,160573,161909,160889,161981,161997,162499,161229,158996,155764,152995,150678,151213,152691,154320,154460,152466,150641,145974
All,Male,45 - 49 Years,64792,65353,74612,84040,92899,105077,113906,117197,122140,127638,132445,138536,144727,147831,151609,155343,158246,159593,160849,162905,163237,163002,161122,158312,153194,149607,147517,148095,149811
All,Male,50 - 54 Years,59522,63409,65828,66585,66989,64130,64546,73673,82934,91772,103766,112423,115719,117357,123183,128179,134543,140806,145713,149604,152721,155424,156561,157789,158734,158465,158202,156386,153908
All,Male,55 - 59 Years,49910,50531,50580,51736,54818,57559,61248,63558,64250,64589,61934,62358,71321,78448,87099,98576,107015,110336,114878,120448,124822,130717,136379,140813,144316,147860,150315,151320,152528
All,Male,60 - 64 Years,41095,42376,43111,44040,45026,46606,47365,47409,48562,51499,54023,57690,59769,58848,59623,57287,57981,66682,75256,83709,94796,102799,105781,110241,115217,119660,125130,130589,134928
All,Male,65 - 69 Years,29391,30427,31793,33415,35045,36600,37736,38577,39556,40484,42153,42805,42764,42892,45775,48270,51720,53773,54560,55350,53321,54115,62372,70525,78285,88697,96349,99351,103758
All,Male,70 - 74 Years,20513,21013,21579,22123,22938,23848,24993,26522,28188,29691,31122,31911,32621,32055,33149,34907,35870,36184,37508,40357,42887,46135,47890,48663,49438,47779,48691,56463,64029
All,Male,75 - 79 Years,13899,13879,13987,14091,14296,14624,14874,15296,15707,16561,17604,18975,20493,18112,20270,21812,23179,24370,25589,26745,28214,29123,29715,31164,33753,36126,38976,40524,41288
All,Male,80 - 84 Years,7028,7632,8075,8375,8565,8609,8561,8541,8614,8710,8872,9309,9929,10018,10562,11046,11601,12312,13200,14518,15532,16558,17496,18572,19515,20932,21884,22400,23779
All,Male,85 Years & Over,3176,3463,3853,4270,4613,4981,5327,5663,5938,6067,6113,6452,6792,6714,7121,7437,7871,8270,8704,9209,9622,10249,11088,11922,12930,14002,14954,15934,17005
All,Female,0 - 4 Years,108035,113605,118945,120288,119544,120057,118773,117424,116174,112306,108949,107458,105093,101350,99211,96851,94749,94535,94742,97089,95542,92364,91749,89775,88841,89723,91482,91612,90612
All,Female,5 - 9 Years,98905,98761,98430,101393,108016,111252,117031,122799,124652,124136,124374,123291,122475,119747,116281,114903,113772,111181,108436,107752,105460,102072,101291,101118,101202,100591,99083,98565,97430
All,Female,10 - 14 Years,95822,97121,97429,99399,99524,100914,100567,100332,103466,110255,113713,119517,125190,125712,124959,125594,124734,123887,123668,121097,119031,117098,113623,110244,107837,104987,101906,101368,101504
All,Female,15 - 19 Years,108091,105668,103391,98909,96815,96777,97998,98426,100655,100823,102284,101975,101587,103738,110346,114028,119898,125716,128856,129321,129747,128159,126755,125077,120823,118615,116860,113473,110418
All,Female,20 - 24 Years,117386,115835,116588,118754,119541,118633,115634,113188,108725,106600,105987,107200,108049,108004,107061,108342,108364,107883,111917,120804,123248,126824,131831,132855,131016,130634,128808,127247,125560
All,Female,25 - 29 Years,143189,143436,142504,140794,137814,135702,134508,135749,138254,139249,137876,135993,136465,130903,128976,129568,131683,132532,136359,142286,141340,135474,131526,131602,136355,138526,142745,147771,147873
All,Female,30 - 34 Years,146190,149194,150733,152122,153650,153919,154488,153820,153056,150555,148463,147726,149605,149011,150841,151950,152220,152962,150673,154564,155639,155608,154710,155608,153333,152772,149948,146962,147622
All,Female,35 - 39 Years,125570,132175,138410,143785,148324,151939,154799,156429,158207,160102,160584,161215,160624,155680,153029,152036,152319,154573,157332,162202,163706,162064,161718,158095,157070,157272,158445,158180,160059
All,Female,40 - 44 Years,101611,110538,113914,118404,123426,128663,135151,141414,146963,151380,154780,157423,158954,157393,159076,159475,160518,159820,158367,157219,156446,155936,157610,159890,161703,162295,160979,160843,157666
All,Female,45 - 49 Years,63647,63651,72772,82292,90865,103009,111862,115228,119723,124644,129756,136033,142011,144960,149062,152203,154612,155959,157229,159592,160222,160989,159803,158024,155339,153806,153666,155362,158027
All,Female,50 - 54 Years,58570,63081,66074,66814,66821,63936,63951,72903,82406,90966,102891,111419,114648,115823,120927,125989,132451,138414,143476,147779,150323,152706,153815,155199,156769,156626,157396,156428,155057
All,Female,55 - 59 Years,50192,50866,50648,51944,55309,57972,62504,65445,66084,66042,63127,63091,71854,79446,87689,99227,107586,110647,114478,119499,123874,129961,135438,140256,144076,147203,149276,150358,151862
All,Female,60 - 64 Years,41926,43353,44282,45023,46282,48721,49426,49357,50617,53871,56480,60816,63669,62876,63113,60288,60261,68819,77905,85987,97199,105361,108215,111913,116285,120833,126723,132062,136760
All,Female,65 - 69 Years,30505,31561,33212,35106,37394,39491,40853,41748,42562,43907,46152,46871,46823,46991,50232,52818,57117,59984,60625,60908,58190,58281,66507,75292,82913,93728,101671,104618,108343
All,Female,70 - 74 Years,24534,24855,25208,25865,26345,26749,27965,29654,31669,33901,35826,37137,38021,37947,39336,41638,42447,42447,43799,47071,49731,53938,56524,57083,57377,54852,55105,63031,71517
All,Female,75 - 79 Years,18437,18597,18815,18877,19110,19554,19783,20145,20716,21390,22040,23526,25337,24751,27605,29789,31234,32362,33412,34745,36964,37786,37960,39455,42541,45085,48979,51429,52039
All,Female,80 - 84 Years,10498,11225,11956,12575,12895,13080,13189,13318,13481,13635,14004,14588,15284,15765,16302,16833,17842,19207,20682,22625,24307,25587,26619,27627,28903,30853,31672,31941,33324
All,Female,85 Years & Over,6469,6876,7378,7982,8494,9136,9630,10273,10792,11115,11410,12065,12960,13393,14189,15143,15845,16677,17711,18604,19619,20873,22465,24134,25946,27661,29289,31001,32772
Malays,Both,0 - 4 Years,45311,46828,48318,48928,49201,48538,47638,46677,45667,44248,43047,42192,41171,39517,37979,36413,35058,33841,33158,32753,32203,31396,30868,30587,30899,31691,33088,34561,36169
Malays,Both,5 - 9 Years,37519,38962,40060,41382,43218,44980,46632,48223,49031,49419,48797,47920,46999,45742,44448,43548,42723,41669,40081,38566,36878,35310,34069,33379,32837,32359,31706,31212,30930
Malays,Both,10 - 14 Years,27717,29206,31027,33335,35278,37259,38642,39677,40938,42784,44598,46426,48174,49003,49402,48765,47871,46880,45907,44568,43589,42607,41516,39902,38395,36764,35267,34079,33438
Malays,Both,15 - 19 Years,31878,30585,29237,27868,27489,27696,29161,30910,33117,34968,36915,38288,39385,40662,42569,44534,46276,48047,48838,49273,48627,47713,46721,45767,44424,43584,42750,41735,40170
Malays,Both,20 - 24 Years,38608,36091,34126,33266,32363,32143,30886,29583,28268,27805,27913,29336,31126,32977,34888,36933,38296,39328,40694,42640,44509,46242,47824,48678,49165,48590,47798,46888,45986
Malays,Both,25 - 29 Years,46645,46559,45798,44139,41515,38589,36132,34263,33463,32643,32451,31443,30323,29001,28720,28975,30355,32071,34104,35946,37653,38729,39636,40804,42597,44466,46239,47947,48796
Malays,Both,30 - 34 Years,40477,42289,43997,45096,46196,46299,46170,45330,43703,41098,38241,36012,34427,33539,32956,32927,32064,30929,29848,29626,29807,31043,32541,34420,35985,37710,38943,39927,41104
Malays,Both,35 - 39 Years,29981,32295,34340,36482,38142,40094,41832,43496,44562,45633,45771,45718,45023,43208,40738,38159,35982,34377,33696,33155,33199,32186,31040,29830,29430,29582,30939,32504,34512
Malays,Both,40 - 44 Years,21110,23315,24128,25602,27835,29768,32028,34019,36071,37650,39481,41280,43018,43817,44973,44942,44989,44287,42898,40553,37969,35737,34049,33323,32636,32543,31701,30618,29543
Malays,Both,45 - 49 Years,12137,12200,14622,16720,18346,20949,23108,23878,25349,27492,29337,31530,33520,35344,36969,38750,40446,42028,43118,44231,44417,44347,43652,42210,39787,37208,35056,33451,32821
Malays,Both,50 - 54 Years,13018,13024,12912,12635,12544,11966,12003,14350,16393,17973,20467,22542,23335,24411,26614,28468,30681,32610,34623,36193,37936,39564,41001,42024,43038,43192,43212,42560,41235
Malays,Both,55 - 59 Years,12527,12947,12877,12879,12875,12449,12483,12379,12115,12024,11497,11490,13746,15505,17088,19560,21596,22363,23691,25737,27535,29593,31457,33371,34819,36525,38118,39667,40637
Malays,Both,60 - 64 Years,10934,10890,10575,10441,10752,11497,11909,11837,11858,11873,11464,11586,11526,11029,11067,10557,10645,12757,14715,16209,18608,20527,21207,22492,24415,26108,28147,29935,31742
Malays,Both,65 - 69 Years,7818,8205,8445,8780,9213,9481,9418,9193,9108,9451,10207,10588,10514,10321,10366,10068,10227,10271,10050,10080,9662,9706,11723,13546,14944,17131,18867,19630,20922
Malays,Both,70 - 74 Years,4683,4993,5392,5719,5957,6189,6525,6779,7177,7554,7757,7726,7607,7399,7775,8492,8867,8808,8864,8889,8714,8903,8896,8729,8841,8467,8571,10385,12011
Malays,Both,75 - 79 Years,2349,2323,2472,2651,2934,3259,3429,3724,3973,4195,4470,4773,5055,4632,5216,5465,5570,5591,5744,6127,6752,7051,7042,7097,7200,7118,7275,7333,7193
Malays,Both,80 - 84 Years,1116,1177,1373,1490,1436,1376,1329,1436,1588,1738,1918,2071,2363,2512,2652,2796,2894,3039,3230,3558,3717,3816,3865,4073,4386,4842,5087,5012,5131
Malays,Both,85 Years & Over,510,508,591,673,695,729,750,905,969,932,876,867,1048,1172,1269,1370,1438,1656,1851,1947,2093,2167,2412,2605,2859,3043,3124,3266,3484
Malays,Male,0 - 4 Years,23172,24013,24761,25142,25331,25041,24517,24151,23557,22910,22252,21867,21372,20593,19602,18856,18043,17417,16985,16819,16496,16114,15748,15676,15869,16276,16992,17790,18624
Malays,Male,5 - 9 Years,19356,20075,20553,21168,22106,23010,23935,24737,25184,25441,25183,24655,24318,23592,23027,22490,22155,21636,20866,19867,19060,18163,17513,17088,16864,16575,16267,15933,15878
Malays,Male,10 - 14 Years,14393,15190,16094,17283,18313,19204,19908,20339,20965,21900,22826,23841,24714,25141,25407,25179,24646,24275,23694,23089,22522,22084,21549,20785,19789,19016,18121,17508,17117
Malays,Male,15 - 19 Years,16510,15875,15233,14498,14267,14379,15146,16004,17135,18121,18992,19700,20163,20800,21777,22764,23733,24632,25053,25315,25070,24543,24174,23602,23006,22504,22160,21672,20922
Malays,Male,20 - 24 Years,19686,18365,17361,16848,16433,16380,15803,15198,14483,14196,14266,14990,15870,16732,17795,18793,19546,19993,20711,21705,22657,23646,24461,24908,25206,25006,24538,24219,23682
Malays,Male,25 - 29 Years,23932,23757,23195,22339,20789,19252,17991,17054,16592,16249,16214,15702,15149,14365,14125,14249,14952,15855,16997,18020,18895,19574,19973,20621,21596,22571,23559,24437,24921
Malays,Male,30 - 34 Years,20859,21742,22577,23071,23575,23449,23255,22639,21796,20281,18802,17675,16900,16403,16147,16151,15672,15115,14462,14239,14339,15047,15921,17004,17966,18850,19575,19997,20661
Malays,Male,35 - 39 Years,15073,16290,17439,18547,19364,20408,21245,22058,22544,23029,22923,22808,22269,21406,19981,18630,17526,16726,16363,16092,16147,15622,15044,14338,14083,14181,14936,15830,16955
Malays,Male,40 - 44 Years,10467,11543,11847,12620,13811,14820,15972,17068,18108,18893,19858,20762,21669,22094,22640,22402,22329,21840,21154,19814,18495,17353,16509,16122,15803,15801,15354,14813,14169
Malays,Male,45 - 49 Years,5710,5830,7167,8246,9048,10309,11337,11610,12370,13510,14459,15574,16676,17668,18513,19452,20316,21124,21624,22127,22088,21931,21457,20747,19363,18047,16950,16143,15807
Malays,Male,50 - 54 Years,6426,6362,6094,5892,5879,5588,5699,6998,8022,8800,10000,10973,11278,11864,13016,13982,15099,16177,17225,18024,18965,19790,20539,21006,21462,21406,21342,20859,20212
Malays,Male,55 - 59 Years,5784,6016,6136,6202,6255,6084,6039,5792,5583,5564,5332,5402,6620,7523,8304,9497,10435,10730,11385,12467,13397,14444,15489,16523,17271,18189,18982,19777,20185
Malays,Male,60 - 64 Years,5657,5427,5122,4966,4944,5225,5451,5567,5641,5675,5503,5525,5311,5026,5054,4813,4934,6069,7041,7778,8931,9813,10038,10661,11686,12584,13619,14604,15577
Malays,Male,65 - 69 Years,4347,4532,4603,4683,4806,4805,4610,4372,4251,4260,4572,4737,4829,4813,4869,4744,4789,4656,4503,4539,4337,4418,5477,6380,7044,8046,8838,9132,9762
Malays,Male,70 - 74 Years,2554,2762,3000,3159,3298,3371,3524,3622,3731,3841,3831,3689,3525,3367,3411,3677,3844,3944,3993,4035,3983,4064,3923,3815,3883,3721,3806,4734,5518
Malays,Male,75 - 79 Years,1199,1204,1280,1384,1566,1766,1850,2019,2138,2254,2379,2513,2625,2309,2559,2610,2551,2490,2527,2571,2804,2918,3020,3049,3132,3126,3217,3110,3023
Malays,Male,80 - 84 Years,571,595,698,754,730,698,704,736,817,916,1018,1103,1260,1323,1369,1421,1452,1476,1539,1688,1706,1674,1636,1678,1754,1906,1992,2031,2107
Malays,Male,85 Years & Over,254,265,298,341,343,364,379,456,487,465,440,454,528,578,640,696,737,814,895,926,993,1029,1107,1173,1259,1303,1316,1323,1366
Malays,Female,0 - 4 Years,22139,22816,23557,23786,23870,23497,23121,22527,22110,21338,20795,20325,19799,18924,18377,17557,17015,16424,16173,15934,15707,15282,15120,14911,15030,15415,16096,16771,17545
Malays,Female,5 - 9 Years,18163,18887,19508,20214,21112,21971,22697,23486,23847,23979,23614,23265,22681,22150,21421,21058,20568,20033,19215,18699,17818,17147,16556,16291,15973,15784,15439,15279,15052
Malays,Female,10 - 14 Years,13324,14017,14934,16052,16965,18055,18734,19338,19973,20884,21772,22585,23460,23862,23995,23586,23225,22605,22213,21479,21067,20523,19967,19117,18606,17748,17146,16571,16321
Malays,Female,15 - 19 Years,15368,14710,14004,13369,13222,13317,14016,14906,15982,16847,17923,18588,19222,19862,20792,21770,22543,23415,23785,23958,23557,23170,22547,22165,21418,21080,20590,20063,19248
Malays,Female,20 - 24 Years,18922,17726,16765,16418,15930,15763,15082,14385,13785,13610,13647,14346,15256,16245,17093,18140,18750,19335,19983,20935,21852,22596,23363,23770,23959,23584,23260,22669,22304
Malays,Female,25 - 29 Years,22713,22802,22603,21800,20726,19337,18141,17209,16871,16394,16237,15741,15174,14636,14595,14726,15403,16216,17107,17926,18758,19155,19663,20183,21001,21895,22680,23510,23875
Malays,Female,30 - 34 Years,19618,20548,21421,22026,22620,22851,22915,22691,21907,20817,19439,18337,17527,17136,16809,16776,16392,15814,15386,15387,15468,15996,16620,17416,18019,18860,19368,19930,20443
Malays,Female,35 - 39 Years,14908,16005,16901,17935,18777,19686,20587,21438,22019,22603,22848,22910,22754,21802,20757,19529,18456,17651,17333,17063,17052,16564,15996,15492,15347,15401,16003,16674,17557
Malays,Female,40 - 44 Years,10643,11772,12281,12982,14025,14949,16056,16950,17963,18757,19623,20518,21349,21723,22333,22540,22660,22447,21744,20739,19474,18384,17540,17201,16833,16742,16347,15805,15374
Malays,Female,45 - 49 Years,6427,6371,7455,8473,9298,10640,11771,12268,12979,13982,14878,15956,16844,17676,18456,19298,20130,20904,21494,22104,22329,22416,22195,21463,20424,19161,18106,17308,17014
Malays,Female,50 - 54 Years,6592,6662,6818,6744,6665,6378,6304,7351,8371,9174,10467,11569,12057,12547,13598,14486,15582,16433,17398,18169,18971,19774,20462,21018,21576,21786,21870,21701,21023
Malays,Female,55 - 59 Years,6743,6931,6741,6677,6620,6365,6444,6587,6532,6460,6165,6088,7126,7982,8784,10063,11161,11633,12306,13270,14138,15149,15968,16848,17548,18336,19136,19890,20452
Malays,Female,60 - 64 Years,5277,5463,5453,5475,5808,6272,6458,6270,6216,6198,5961,6061,6215,6003,6013,5744,5711,6688,7674,8431,9677,10714,11169,11831,12729,13524,14528,15331,16165
Malays,Female,65 - 69 Years,3471,3673,3842,4098,4407,4677,4808,4821,4857,5192,5635,5851,5685,5508,5497,5324,5438,5615,5547,5541,5325,5288,6246,7166,7900,9085,10029,10498,11160
Malays,Female,70 - 74 Years,2129,2231,2393,2560,2659,2818,3001,3158,3446,3713,3926,4037,4082,4032,4364,4815,5023,4864,4871,4854,4731,4839,4973,4914,4958,4746,4765,5651,6493
Malays,Female,75 - 79 Years,1150,1119,1193,1268,1368,1493,1579,1706,1835,1941,2091,2260,2430,2323,2657,2855,3019,3101,3217,3556,3948,4133,4022,4048,4068,3992,4058,4223,4170
Malays,Female,80 - 84 Years,545,582,675,736,706,678,624,700,771,822,900,968,1103,1189,1283,1375,1442,1563,1691,1870,2011,2142,2229,2395,2632,2936,3095,2981,3024
Malays,Female,85 Years & Over,256,243,293,332,352,366,372,449,482,467,436,413,520,594,629,674,701,842,956,1021,1100,1138,1305,1432,1600,1740,1808,1943,2118
Chinese,Both,0 - 4 Years,157406,166015,173545,175365,172883,174443,172373,171302,168909,162898,157684,155480,150508,143912,139795,134353,128802,127794,127687,129577,128313,126390,127748,127411,126663,127953,130177,129452,126229
Chinese,Both,5 - 9 Years,150357,148444,145534,148862,159182,163174,171793,179926,182381,180124,181045,179162,178530,173778,167938,163974,161204,155181,149990,146933,141864,135660,134579,134501,135766,136134,135257,136570,137097
Chinese,Both,10 - 14 Years,156372,156743,155153,156322,153822,153547,151198,148388,152041,162685,167030,175600,183323,183641,180769,181943,179962,179117,177611,172292,168026,164707,158134,152444,148099,143109,137225,136448,136796
Chinese,Both,15 - 19 Years,175214,172094,169108,161669,157990,157121,157267,155766,157247,154883,154767,152502,149398,151924,162266,166645,175099,182958,186689,185136,186139,183702,182494,179429,172689,168641,165774,159568,154198
Chinese,Both,20 - 24 Years,180568,179605,182361,186548,189135,187986,184060,180444,172335,168545,167332,167619,166618,163118,160062,160353,158764,155585,159829,172285,175721,181822,189212,190460,186771,187266,184609,183474,180656
Chinese,Both,25 - 29 Years,219632,218667,216239,213786,208544,205791,204824,207460,211001,213390,211441,208971,209433,199011,194754,192914,192817,191618,194852,197870,195571,188686,182756,184455,193787,197951,204843,212862,213123
Chinese,Both,30 - 34 Years,233790,236660,236269,236303,236129,235132,234783,232351,230627,225826,222467,221187,224226,222627,225333,224623,222472,221874,216112,216941,216679,215309,213459,215075,211976,211777,208889,204446,206873
Chinese,Both,35 - 39 Years,206977,216499,225759,232427,237698,241609,244293,244084,245074,245843,245278,244834,241992,233607,227579,224073,222621,225259,228953,234595,234760,231657,230350,223574,220906,220671,220701,219561,221887
Chinese,Both,40 - 44 Years,169475,183861,189302,196291,203622,211029,219945,229133,235911,241204,244946,247481,247207,243232,243309,242125,241495,238161,234533,230084,227333,225693,228257,231365,234352,234287,231775,230806,224416
Chinese,Both,45 - 49 Years,106525,107138,121712,137111,151299,170967,184879,190133,197102,204273,211454,220235,229072,232207,236836,240034,241759,241026,241116,242168,241561,240938,237372,233414,227540,224201,223222,225935,229736
Chinese,Both,50 - 54 Years,95511,103369,108450,110112,110732,106065,106576,120915,136096,150222,169486,183048,188145,190113,197626,204746,213519,222167,228448,233183,235918,237735,237159,237503,237697,236497,235906,232687,229401
Chinese,Both,55 - 59 Years,78116,79321,79497,82155,88363,93657,101324,106241,107722,108208,103619,104161,118222,130554,144133,162583,175703,180619,186779,194125,200577,208954,217054,222954,227374,230757,232481,231813,232490
Chinese,Both,60 - 64 Years,63090,65526,67428,69199,71252,74818,76088,76391,78929,84870,89929,97412,102077,101970,102808,98466,98939,112606,126830,140160,158333,171094,175754,181827,188427,194874,202871,210800,216752
Chinese,Both,65 - 69 Years,45600,47000,49433,52147,55238,58189,60529,62375,64193,66206,69621,70895,71200,72565,78509,83530,90803,95395,97035,97967,94035,94754,107912,121587,134123,151385,163881,168582,174682
Chinese,Both,70 - 74 Years,36675,36859,37059,37666,38453,39113,40663,43060,45738,48709,51447,53645,55462,56170,58282,61679,63131,63615,66312,72212,77347,84360,88482,89985,90889,87310,88238,100894,113955
Chinese,Both,75 - 79 Years,28139,28217,28279,28162,28131,28361,28472,28730,29285,30213,31126,33054,35598,34822,38734,41794,44151,46219,48115,50161,53511,54877,55620,58427,63831,68563,74926,78725,80247
Chinese,Both,80 - 84 Years,15650,16845,17696,18412,18890,19134,19214,19157,19184,19187,19433,20142,20935,21415,22191,22944,24266,26090,28080,30684,33048,35055,36811,38500,40331,43155,44620,45437,48056
Chinese,Both,85 Years & Over,8775,9438,10178,11051,11839,12747,13525,14253,14913,15355,15742,16649,17579,17941,18889,19944,20851,21713,22808,23930,25244,26861,28831,30840,33159,35476,37777,40192,42687
Chinese,Male,0 - 4 Years,81827,86238,89846,90828,89417,90157,89027,88678,87292,84343,81700,80612,77931,74416,72121,69091,66097,65541,65512,66333,65689,64775,65510,65562,65120,65896,66943,66394,64571
Chinese,Male,5 - 9 Years,78220,77440,75849,77455,82673,84759,89085,92974,94290,92995,93365,92376,92222,89706,86897,84826,83458,80261,77407,75693,72775,69469,68931,68932,69555,69716,69259,70115,70539
Chinese,Male,10 - 14 Years,80899,81052,80414,81221,79929,79779,78757,77229,79022,84409,86660,90917,94574,94820,93195,93737,92692,92408,91386,88765,86617,84973,81512,78468,76144,73335,70290,69850,70044
Chinese,Male,15 - 19 Years,90345,88696,87084,83209,81424,81024,81061,80417,81348,80103,80036,78985,77331,78671,83901,86152,90325,93962,95430,94303,94837,93766,93414,91804,88722,86728,85383,82160,79286
Chinese,Male,20 - 24 Years,91919,90979,91760,93447,94681,94008,92169,90356,86110,84305,83872,83940,83454,81372,80550,81407,80880,79340,81017,86757,88489,91656,95079,95779,94189,94775,93681,93506,92077
Chinese,Male,25 - 29 Years,111603,110581,108959,107143,103607,101281,100279,100900,102231,103367,102406,101128,101055,95657,93594,92941,92976,92841,94660,95875,94997,92011,88944,89948,94600,96831,100380,104440,105003
Chinese,Male,30 - 34 Years,119013,120407,119777,119528,118936,118173,117621,115990,114311,110920,108157,106624,107453,106427,107696,107419,106164,105761,102857,103096,102963,102101,101426,102421,101060,100938,99734,97484,98895
Chinese,Male,35 - 39 Years,105766,110438,115010,118030,120225,122091,123513,123092,123523,123612,123223,122471,120578,115777,111676,108770,107083,107817,109393,111983,111936,110390,109368,105906,104419,104242,104108,103832,105120
Chinese,Male,40 - 44 Years,86057,93465,96356,99977,103798,107387,111644,116137,119203,121498,123391,124778,124446,122591,122292,121539,120698,118525,116022,112671,110140,108378,108947,110102,111470,111298,110080,109212,105892
Chinese,Male,45 - 49 Years,53712,54273,61602,69255,76609,86551,93586,96291,99949,103718,107176,111402,115731,117158,119106,120706,121706,121204,121208,121456,120999,120103,117903,115135,111126,108315,106909,107610,109048
Chinese,Male,50 - 54 Years,48091,51702,54021,54870,55303,53090,53549,60766,68244,75547,85271,92178,94862,95945,99903,103409,107586,111834,114804,116776,118135,119137,118759,118916,118717,118039,117173,115156,112715
Chinese,Male,55 - 59 Years,38341,39248,39626,41066,44083,46639,50051,52256,53054,53421,51302,51814,58903,64815,71859,81083,87711,90371,93728,97542,100700,104682,108646,111290,113178,114879,115891,115478,115822
Chinese,Male,60 - 64 Years,29266,30634,31691,32894,34165,35982,36948,37326,38705,41589,43968,47330,49365,49450,49988,48031,48538,55376,62207,69071,78134,84527,87027,90404,93875,97035,100764,104638,107316
Chinese,Male,65 - 69 Years,20438,21076,22202,23437,24736,26067,27341,28425,29609,30792,32615,33540,33886,34702,37565,39958,43159,45188,46098,46706,45019,45669,52217,58695,65144,73661,79855,82321,85687
Chinese,Male,70 - 74 Years,15360,15427,15539,15789,16267,16776,17411,18464,19602,20806,22050,23198,24273,24834,26045,27778,28788,29234,30691,33488,35928,38943,40696,41562,42164,40737,41479,47722,53792
Chinese,Male,75 - 79 Years,11478,11382,11311,11241,11139,11130,11183,11296,11488,11936,12437,13186,14267,13782,15403,16677,17947,19077,20166,21353,22977,23859,24440,25900,28394,30617,33270,34843,35684
Chinese,Male,80 - 84 Years,5984,6515,6792,6977,7134,7172,7080,6985,6955,6899,6907,7160,7464,7589,7980,8342,8786,9463,10235,11217,12183,13191,14098,15046,15940,17255,18180,18718,20059
Chinese,Male,85 Years & Over,2736,2993,3306,3639,3946,4259,4555,4763,4954,5069,5126,5380,5567,5544,5786,5983,6279,6512,6775,7139,7565,8035,8689,9313,10110,11006,11865,12805,13825
Chinese,Female,0 - 4 Years,75579,79777,83698,84537,83466,84287,83346,82624,81616,78555,75984,74868,72577,69496,67674,65262,62705,62253,62175,63244,62624,61615,62238,61849,61543,62057,63234,63058,61658
Chinese,Female,5 - 9 Years,72137,71004,69685,71407,76509,78415,82707,86951,88091,87130,87680,86786,86308,84072,81041,79148,77746,74920,72583,71240,69089,66191,65648,65569,66211,66418,65998,66455,66558
Chinese,Female,10 - 14 Years,75473,75691,74739,75101,73892,73768,72441,71159,73019,78276,80370,84683,88749,88821,87574,88206,87270,86709,86225,83527,81409,79734,76622,73976,71955,69774,66935,66598,66752
Chinese,Female,15 - 19 Years,84869,83397,82024,78460,76566,76097,76205,75349,75899,74779,74731,73517,72067,73253,78365,80493,84774,88996,91259,90833,91302,89936,89080,87625,83967,81913,80391,77408,74912
Chinese,Female,20 - 24 Years,88649,88626,90601,93101,94453,93978,91891,90088,86225,84240,83460,83679,83164,81746,79512,78946,77884,76245,78812,85528,87232,90166,94133,94681,92582,92491,90928,89968,88579
Chinese,Female,25 - 29 Years,108029,108086,107280,106643,104937,104510,104545,106560,108770,110023,109035,107843,108378,103354,101160,99973,99841,98777,100192,101995,100574,96675,93812,94507,99187,101120,104463,108422,108120
Chinese,Female,30 - 34 Years,114777,116253,116492,116775,117192,116959,117162,116361,116315,114906,114310,114563,116773,116200,117637,117204,116308,116113,113255,113845,113716,113208,112033,112654,110916,110839,109155,106962,107978
Chinese,Female,35 - 39 Years,101211,106061,110749,114397,117473,119518,120780,120991,121551,122231,122055,122363,121414,117830,115903,115303,115538,117442,119560,122612,122824,121267,120982,117668,116487,116429,116593,115729,116767
Chinese,Female,40 - 44 Years,83418,90396,92946,96314,99824,103642,108302,112996,116708,119705,121555,122703,122761,120641,121017,120586,120797,119636,118511,117413,117193,117315,119310,121263,122882,122989,121695,121594,118524
Chinese,Female,45 - 49 Years,52813,52865,60110,67856,74690,84416,91294,93842,97152,100555,104278,108833,113341,115049,117730,119328,120053,119822,119908,120712,120562,120835,119469,118279,116414,115886,116313,118325,120688
Chinese,Female,50 - 54 Years,47420,51667,54429,55242,55429,52975,53027,60149,67852,74676,84215,90870,93283,94168,97723,101337,105933,110333,113644,116407,117783,118598,118400,118587,118980,118458,118733,117531,116686
Chinese,Female,55 - 59 Years,39775,40073,39871,41089,44280,47018,51273,53985,54668,54787,52317,52347,59319,65739,72274,81500,87992,90248,93051,96583,99877,104272,108408,111664,114196,115878,116590,116335,116668
Chinese,Female,60 - 64 Years,33824,34892,35736,36304,37087,38836,39140,39065,40225,43282,45961,50082,52712,52520,52820,50435,50401,57230,64623,71089,80199,86567,88727,91423,94552,97839,102107,106162,109436
Chinese,Female,65 - 69 Years,25162,25925,27231,28710,30502,32123,33188,33949,34584,35415,37006,37355,37314,37863,40944,43572,47644,50207,50937,51261,49016,49085,55695,62892,68979,77724,84026,86261,88995
Chinese,Female,70 - 74 Years,21315,21432,21520,21877,22186,22338,23252,24596,26136,27903,29397,30447,31189,31336,32237,33901,34343,34381,35621,38724,41419,45417,47786,48423,48725,46573,46759,53172,60163
Chinese,Female,75 - 79 Years,16661,16835,16968,16921,16992,17231,17289,17434,17797,18277,18689,19868,21331,21040,23331,25117,26204,27142,27949,28808,30534,31018,31180,32527,35437,37946,41656,43882,44563
Chinese,Female,80 - 84 Years,9666,10330,10904,11435,11756,11962,12134,12172,12229,12288,12526,12982,13471,13826,14211,14602,15480,16627,17845,19467,20865,21864,22713,23454,24391,25900,26440,26719,27997
Chinese,Female,85 Years & Over,6039,6445,6872,7412,7894,8489,8970,9490,9959,10286,10616,11269,12012,12397,13103,13961,14572,15201,16033,16791,17679,18826,20142,21527,23049,24470,25912,27387,28862
Indians,Both,0 - 4 Years,17564,18516,19354,19771,20194,20371,20512,20783,21102,21209,20808,20944,21465,21637,21843,22754,23635,24077,24335,25702,24425,22037,20355,18276,17378,17434,17312,17040,16689
Indians,Both,5 - 9 Years,15204,15646,16206,16911,17951,18830,19992,21058,21861,22432,22569,22611,22965,22705,22885,23531,24089,24502,24789,25982,26555,26880,27311,27413,26878,26269,25415,24252,22990
Indians,Both,10 - 14 Years,12567,13224,13867,14778,15507,16141,16680,17359,18218,19277,20154,21098,22035,22220,22693,22967,23146,23161,23331,23616,23946,24143,24424,24614,24969,25175,25676,26234,26758
Indians,Both,15 - 19 Years,14405,13699,13203,12790,12703,13147,13890,14600,15618,16254,16826,17192,17804,18209,19096,19952,20902,21576,22088,22594,22769,22805,22794,22643,22579,22689,22939,23262,23655
Indians,Both,20 - 24 Years,17766,16915,16303,15956,15619,15212,14802,14672,14582,14564,14784,15363,16107,16697,17322,18239,18793,19406,20222,21501,21688,21844,22169,22273,22452,22501,22438,22405,22268
Indians,Both,25 - 29 Years,21794,21697,21473,20907,20242,19736,19633,20140,20924,21002,20100,19248,19679,19546,19638,21604,23279,24568,26496,30084,29326,26761,25091,23898,23161,22662,22787,23164,23361
Indians,Both,30 - 34 Years,21069,21905,22492,22855,23373,23699,24327,25123,25690,25723,25242,24894,25505,25680,26211,28233,29538,30656,31668,35384,36415,36171,35317,34287,32386,30273,27781,25858,24723
Indians,Both,35 - 39 Years,16590,17800,18759,19862,21085,22268,23419,24451,25364,26249,26653,27082,27866,27454,27612,28438,29262,30203,31092,33514,35085,35490,35813,35697,35755,35478,35342,34578,33661
Indians,Both,40 - 44 Years,13315,14614,15115,15927,16692,17474,18776,19877,21228,22520,23670,24538,25431,25571,26420,27003,27821,28500,28803,29544,30093,30512,31239,31944,32716,33534,33829,34164,34181
Indians,Both,45 - 49 Years,8565,8434,9531,10712,12039,13784,15139,15678,16546,17354,18045,19185,20124,20909,22065,23224,24204,25140,25690,26690,27251,27801,28253,28417,28494,28684,29035,29727,30480
Indians,Both,50 - 54 Years,8238,8708,9141,9218,9101,8613,8498,9591,10818,12142,13875,15134,15609,15643,16475,17171,18425,19477,20653,21813,22443,23466,24324,24990,25726,25955,26523,27019,27280
Indians,Both,55 - 59 Years,8193,7886,7553,7343,7541,8020,8482,8903,8967,8846,8359,8194,9261,9890,11233,12863,14119,14620,15287,16085,16308,17485,18317,19366,20447,21646,22471,23305,23858
Indians,Both,60 - 64 Years,7884,8110,8189,8204,8063,7752,7543,7237,7064,7247,7662,8000,8310,7371,7445,7143,7148,8246,9380,10713,12009,13213,13650,14318,14953,15647,16676,17502,18500
Indians,Both,65 - 69 Years,5568,5858,6145,6568,6920,7319,7483,7594,7628,7536,7254,6963,6605,5861,5966,6277,6530,6783,6724,6785,6376,6427,7440,8575,9759,11230,12372,12797,13432
Indians,Both,70 - 74 Years,3088,3373,3637,3867,4114,4489,4924,5412,5973,6309,6666,6562,6478,5479,5447,5377,5326,5171,5074,5235,5374,5597,5815,5782,5807,5626,5710,6684,7788
Indians,Both,75 - 79 Years,1451,1528,1646,1739,1892,2087,2257,2441,2590,2926,3388,3944,4361,2812,3270,3649,3909,4127,4319,4344,4047,4104,4091,4159,4292,4517,4715,4873,4838
Indians,Both,80 - 84 Years,554,622,735,795,856,899,927,980,1019,1108,1190,1327,1518,1481,1610,1725,1852,1950,2108,2393,2515,2639,2789,2931,2996,3097,3171,3160,3178
Indians,Both,85 Years & Over,233,246,300,347,386,431,461,532,582,606,621,689,800,734,875,981,1118,1232,1372,1530,1494,1661,1833,2084,2273,2535,2684,2797,2888
Indians,Male,0 - 4 Years,9072,9494,9841,10079,10283,10405,10485,10672,10787,10871,10685,10825,11053,11115,11227,11655,12031,12163,12314,12798,12116,10916,10015,8983,8530,8621,8635,8703,8571
Indians,Male,5 - 9 Years,7854,8119,8397,8699,9243,9695,10207,10671,11155,11413,11495,11531,11764,11561,11693,11993,12300,12463,12611,13201,13313,13420,13571,13577,13285,13032,12637,12021,11518
Indians,Male,10 - 14 Years,6434,6796,7162,7647,8029,8335,8646,8964,9326,9862,10320,10720,11109,11293,11492,11624,11720,11725,11705,11835,12020,12108,12272,12326,12534,12541,12722,13045,13329
Indians,Male,15 - 19 Years,7417,6974,6695,6585,6576,6753,7147,7512,7995,8307,8591,8808,9100,9246,9688,10139,10539,10771,11071,11214,11314,11332,11362,11232,11241,11319,11463,11678,11849
Indians,Male,20 - 24 Years,9080,8613,8237,7926,7677,7483,7225,7069,7020,6979,7129,7470,7843,8099,8452,8833,9182,9492,9811,10323,10621,10752,10863,10987,11075,11125,11125,11163,11058
Indians,Male,25 - 29 Years,10979,10838,10663,10403,10019,9791,9733,10034,10290,10131,9459,8739,8800,8703,8617,9379,10038,10820,12088,14031,13581,12389,11553,11080,10907,10966,11136,11330,11510
Indians,Male,30 - 34 Years,10938,11334,11604,11655,11796,11910,12300,12852,13387,13516,13218,12952,13291,13361,13454,14748,15365,15951,16639,18783,18990,18481,17505,16555,15296,14105,12869,11997,11541
Indians,Male,35 - 39 Years,8425,9090,9558,10080,10837,11534,12170,12761,13231,13648,13818,14132,14745,14914,15099,15827,16549,17255,17879,19482,20299,20231,20103,19702,19363,18689,18172,17284,16330
Indians,Male,40 - 44 Years,6838,7421,7643,8082,8464,8831,9569,10176,10860,11708,12420,12887,13386,13560,14019,14416,15062,15735,16117,16847,17382,17781,18282,18724,19086,19461,19315,19183,18881
Indians,Male,45 - 49 Years,4751,4604,5039,5593,6165,7010,7610,7870,8361,8800,9110,9763,10314,10807,11566,12351,12916,13444,13710,14330,14699,15156,15624,15948,16192,16484,16798,17277,17731
Indians,Male,50 - 54 Years,4371,4669,5016,5112,5065,4697,4542,4988,5574,6146,6987,7566,7776,7888,8375,8695,9453,10070,10674,11424,11928,12521,13007,13329,13716,13913,14316,14776,15181
Indians,Male,55 - 59 Years,5158,4662,4192,3842,3838,4160,4455,4781,4856,4802,4464,4284,4722,4996,5621,6409,7021,7272,7676,8124,8260,8949,9420,9961,10655,11401,11865,12325,12572
Indians,Male,60 - 64 Years,5625,5720,5701,5564,5282,4774,4359,3903,3591,3584,3858,4096,4332,3681,3800,3633,3615,4102,4656,5292,5928,6474,6712,7124,7494,7808,8377,8848,9365
Indians,Male,65 - 69 Years,4146,4372,4506,4789,4980,5186,5218,5209,5097,4830,4368,3931,3454,2842,2791,2973,3122,3251,3235,3314,3132,3128,3588,4166,4686,5412,5945,6170,6543
Indians,Male,70 - 74 Years,2320,2505,2694,2815,3000,3294,3635,3966,4368,4548,4710,4489,4298,3393,3228,2989,2784,2533,2327,2315,2382,2508,2639,2641,2687,2614,2656,3100,3652
Indians,Male,75 - 79 Years,1054,1126,1225,1283,1384,1516,1598,1720,1806,2071,2454,2905,3185,1734,2005,2210,2339,2450,2515,2422,2043,1948,1835,1778,1767,1882,1970,2055,2052
Indians,Male,80 - 84 Years,386,431,499,556,604,638,672,703,712,758,798,878,1021,946,1032,1087,1158,1165,1219,1396,1406,1434,1487,1538,1505,1468,1408,1319,1280
Indians,Male,85 Years & Over,148,163,199,229,260,293,322,364,412,438,453,509,575,503,595,660,744,822,902,998,913,1020,1110,1238,1340,1463,1526,1544,1533
Indians,Female,0 - 4 Years,8492,9022,9513,9692,9910,9966,10028,10111,10315,10338,10123,10119,10412,10522,10616,11099,11604,11914,12021,12904,12309,11121,10340,9293,8848,8813,8677,8337,8118
Indians,Female,5 - 9 Years,7350,7527,7809,8212,8709,9135,9785,10387,10706,11019,11074,11080,11201,11144,11192,11538,11789,12039,12178,12781,13242,13460,13740,13836,13593,13237,12778,12231,11472
Indians,Female,10 - 14 Years,6133,6428,6705,7131,7478,7806,8034,8395,8892,9416,9834,10378,10926,10927,11201,11343,11426,11436,11626,11781,11926,12035,12152,12288,12435,12634,12954,13189,13429
Indians,Female,15 - 19 Years,6988,6725,6508,6205,6126,6394,6744,7088,7623,7946,8235,8384,8704,8963,9408,9813,10363,10805,11017,11380,11455,11473,11432,11411,11338,11370,11476,11584,11806
Indians,Female,20 - 24 Years,8686,8302,8066,8029,7942,7729,7576,7603,7562,7585,7655,7893,8264,8598,8870,9406,9611,9914,10411,11178,11067,11092,11306,11286,11377,11376,11313,11242,11210
Indians,Female,25 - 29 Years,10815,10859,10810,10504,10222,9945,9900,10106,10634,10871,10641,10509,10879,10843,11021,12225,13241,13748,14408,16053,15745,14372,13538,12818,12254,11696,11651,11834,11851
Indians,Female,30 - 34 Years,10131,10570,10888,11201,11577,11789,12027,12271,12303,12207,12024,11942,12214,12319,12757,13485,14173,14705,15029,16601,17425,17690,17812,17732,17090,16168,14912,13861,13182
Indians,Female,35 - 39 Years,8165,8711,9202,9782,10248,10734,11249,11690,12133,12602,12835,12950,13121,12540,12513,12611,12713,12948,13213,14032,14786,15259,15710,15995,16392,16789,17170,17294,17331
Indians,Female,40 - 44 Years,6477,7193,7472,7846,8227,8643,9207,9701,10368,10813,11250,11651,12045,12011,12401,12587,12759,12765,12686,12697,12711,12731,12957,13220,13630,14073,14514,14981,15300
Indians,Female,45 - 49 Years,3814,3830,4493,5119,5874,6774,7529,7808,8185,8554,8935,9422,9810,10102,10499,10873,11288,11696,11980,12360,12552,12645,12629,12469,12302,12200,12237,12450,12749
Indians,Female,50 - 54 Years,3867,4039,4125,4106,4036,3916,3956,4603,5245,5996,6888,7568,7833,7755,8100,8476,8972,9407,9979,10389,10515,10945,11317,11661,12010,12042,12207,12243,12099
Indians,Female,55 - 59 Years,3035,3224,3361,3501,3703,3860,4028,4122,4110,4045,3895,3910,4539,4894,5612,6454,7098,7348,7611,7961,8048,8536,8897,9405,9792,10245,10606,10980,11286
Indians,Female,60 - 64 Years,2259,2391,2488,2641,2781,2978,3183,3334,3473,3663,3804,3904,3978,3690,3645,3510,3533,4144,4724,5421,6081,6739,6938,7194,7459,7839,8299,8654,9135
Indians,Female,65 - 69 Years,1422,1486,1640,1779,1939,2133,2265,2385,2531,2706,2886,3032,3151,3019,3175,3304,3408,3532,3489,3471,3244,3299,3852,4409,5073,5818,6427,6627,6889
Indians,Female,70 - 74 Years,768,868,943,1052,1113,1195,1289,1446,1605,1761,1956,2073,2180,2086,2219,2388,2542,2638,2747,2920,2992,3089,3176,3141,3120,3012,3054,3584,4136
Indians,Female,75 - 79 Years,397,403,421,456,508,571,659,722,784,854,934,1039,1176,1078,1265,1439,1570,1677,1804,1922,2004,2156,2256,2381,2525,2635,2745,2818,2786
Indians,Female,80 - 84 Years,168,191,236,239,252,261,255,277,308,350,392,449,497,535,578,638,694,785,889,997,1109,1205,1302,1393,1491,1629,1763,1841,1898
Indians,Female,85 Years & Over,85,83,101,118,125,139,139,168,170,168,168,180,225,231,280,321,374,410,470,532,581,641,723,846,933,1072,1158,1253,1355
Other,Both,0 - 4 Years,3768,4159,4535,4707,4744,4738,4624,4497,4394,4260,4166,4375,4654,4837,5202,6009,6984,7914,8709,9756,9491,8426,7702,7021,6429,6497,6583,6600,6441
Other,Both,5 - 9 Years,2548,2756,2924,3204,3472,3599,3854,4104,4167,4173,4163,4384,4698,4819,5246,6184,7188,8189,8762,9954,10378,10269,10365,10411,10309,9690,9131,8541,8049
Other,Both,10 - 14 Years,1820,1982,2123,2263,2425,2637,2803,2965,3246,3444,3570,3848,4160,4260,4419,4878,5503,6134,6947,8152,8741,9079,9246,9284,9333,9340,9327,9492,9538
Other,Both,15 - 19 Years,1808,1780,1784,1759,1820,1935,2061,2154,2300,2496,2778,2921,3100,3279,3486,3790,4270,4717,5241,5772,6215,6518,6852,7227,7645,7988,8308,8408,8497
Other,Both,20 - 24 Years,2045,2048,2015,2098,2136,2085,2017,2065,2076,2118,2207,2318,2462,2620,2945,3426,3778,4166,4640,5327,5272,5161,5301,5478,5530,5770,6009,6305,6606
Other,Both,25 - 29 Years,2869,2917,2981,2958,2963,2895,2891,2907,3129,3182,3169,3092,3285,3320,3601,4306,5208,6266,7662,10408,10089,8430,7099,6458,6114,5951,6119,6225,6351
Other,Both,30 - 34 Years,2987,3168,3271,3476,3636,3695,3813,3970,4084,4220,4340,4597,5026,5458,5989,7631,9177,10994,12189,15289,15786,15032,14079,13088,11940,10859,9931,9109,8697
Other,Both,35 - 39 Years,2445,2597,2830,3008,3209,3464,3723,3913,4207,4564,4919,5244,5872,6374,6979,8483,10338,12134,13502,16047,16980,16828,16767,16402,15938,15336,15016,14313,13660
Other,Both,40 - 44 Years,2163,2420,2457,2497,2634,2724,2938,3230,3546,3867,4323,4697,5207,5662,6355,7402,8712,10101,11129,12802,14046,14672,15278,15949,16319,16391,16140,15896,15500
Other,Both,45 - 49 Years,1212,1231,1519,1790,2080,2386,2642,2736,2867,3163,3365,3619,4022,4331,4801,5538,6449,7358,8154,9408,10230,10905,11648,12295,12712,13320,13870,14344,14801
Other,Both,50 - 54 Years,1325,1390,1400,1434,1433,1423,1420,1721,2033,2401,2829,3118,3278,3013,3395,3783,4369,4966,5465,6194,6747,7365,7892,8471,9042,9447,9957,10548,11049
Other,Both,55 - 59 Years,1266,1243,1300,1303,1349,1405,1462,1481,1530,1554,1586,1604,1946,1945,2334,2797,3183,3381,3599,4000,4276,4646,4989,5378,5752,6135,6521,6893,7405
Other,Both,60 - 64 Years,1113,1203,1202,1219,1241,1260,1250,1301,1328,1380,1448,1508,1525,1354,1416,1409,1510,1892,2236,2614,3045,3326,3385,3517,3707,3864,4159,4414,4694
Other,Both,65 - 69 Years,910,925,982,1026,1068,1103,1160,1163,1189,1197,1223,1230,1268,1136,1166,1213,1277,1308,1376,1426,1438,1509,1804,2109,2372,2679,2900,2960,3065
Other,Both,70 - 74 Years,601,643,699,736,759,806,846,925,969,1020,1078,1115,1095,954,981,997,993,1037,1057,1092,1183,1213,1221,1250,1278,1228,1277,1531,1792
Other,Both,75 - 79 Years,397,408,404,415,449,472,499,545,574,617,660,730,816,597,655,693,783,795,823,858,868,877,922,936,971,1013,1039,1022,1049
Other,Both,80 - 84 Years,206,213,227,255,279,281,281,285,303,313,335,357,397,375,411,414,431,440,464,508,559,635,650,695,705,691,678,732,738
Other,Both,85 Years & Over,127,148,162,182,187,209,221,245,266,289,284,312,325,260,277,285,309,346,384,406,410,433,477,527,585,609,658,680,718
Other,Male,0 - 4 Years,1943,2169,2357,2434,2447,2430,2346,2334,2261,2184,2119,2229,2349,2429,2658,3076,3559,3970,4336,4749,4589,4080,3651,3299,3009,3059,3108,3154,3150
Other,Male,5 - 9 Years,1293,1412,1495,1644,1787,1867,2011,2129,2158,2165,2157,2224,2413,2438,2619,3025,3519,4000,4302,4922,5067,4995,5018,4989,4884,4538,4263,3941,3701
Other,Male,10 - 14 Years,928,996,1071,1148,1237,1353,1444,1525,1664,1765,1833,1977,2105,2158,2230,2419,2690,2997,3343,3842,4112,4273,4364,4421,4492,4509,4456,4482,4536
Other,Male,15 - 19 Years,942,944,928,884,920,966,1027,1071,1149,1245,1383,1435,1506,1619,1705,1838,2052,2217,2446,2622,2782,2938,3156,3351,3545,3736,3905,3990,4045
Other,Male,20 - 24 Years,916,867,859,893,921,921,932,954,922,952,982,1036,1097,1205,1359,1576,1659,1777,1929,2164,2175,2191,2272,2360,2432,2587,2702,2937,3139
Other,Male,25 - 29 Years,1237,1228,1170,1111,1034,984,970,1033,1150,1221,1206,1192,1251,1250,1401,1662,2010,2475,3010,4096,3826,3158,2586,2364,2201,2136,2168,2220,2324
Other,Male,30 - 34 Years,1323,1345,1338,1355,1376,1374,1431,1473,1553,1595,1650,1713,1935,2102,2351,3146,3830,4664,5186,6558,6756,6318,5834,5282,4632,3954,3418,2900,2678
Other,Male,35 - 39 Years,1159,1199,1272,1338,1382,1463,1540,1604,1704,1898,2073,2252,2537,2866,3123,3890,4726,5602,6276,7552,7936,7854,7737,7462,7094,6683,6337,5830,5256
Other,Male,40 - 44 Years,1090,1244,1242,1235,1284,1295,1351,1463,1621,1762,1971,2146,2408,2644,3030,3640,4410,5129,5703,6432,6978,7166,7475,7743,7961,7900,7717,7433,7032
Other,Male,45 - 49 Years,619,646,804,946,1076,1208,1374,1426,1460,1610,1700,1797,2006,2198,2424,2834,3308,3821,4307,4992,5451,5812,6138,6482,6513,6761,6860,7065,7225
Other,Male,50 - 54 Years,634,676,697,712,742,755,756,921,1095,1280,1508,1706,1803,1660,1889,2093,2405,2725,3010,3380,3693,3976,4256,4538,4839,5107,5371,5595,5800
Other,Male,55 - 59 Years,627,605,626,626,643,676,703,729,757,803,836,858,1076,1114,1315,1587,1848,1963,2089,2315,2465,2642,2824,3039,3212,3391,3577,3740,3949
Other,Male,60 - 64 Years,547,595,597,616,635,625,606,613,624,651,694,739,761,691,781,810,894,1135,1352,1568,1803,1985,2004,2052,2162,2233,2370,2499,2670
Other,Male,65 - 69 Years,460,447,482,506,522,544,567,571,599,603,598,597,595,535,550,595,650,678,724,791,833,900,1090,1284,1411,1578,1711,1728,1766
Other,Male,70 - 74 Years,279,319,347,359,372,408,423,471,487,496,531,535,525,461,465,463,454,473,497,519,594,620,632,645,704,707,750,907,1067
Other,Male,75 - 79 Years,168,167,171,183,207,213,243,262,274,299,334,371,416,287,303,315,342,353,381,399,390,398,420,437,460,501,519,516,529
Other,Male,80 - 84 Years,87,91,86,89,97,102,105,117,130,137,149,168,184,160,181,196,205,208,207,217,237,259,275,310,316,303,304,332,333
Other,Male,85 Years & Over,38,43,50,61,63,66,71,79,86,95,94,109,122,89,100,98,111,122,132,146,151,165,182,198,221,230,247,262,281
Other,Female,0 - 4 Years,1825,1990,2178,2273,2297,2308,2279,2163,2133,2076,2047,2146,2305,2408,2544,2933,3425,3944,4373,5007,4902,4346,4051,3722,3420,3438,3475,3446,3291
Other,Female,5 - 9 Years,1255,1343,1429,1560,1686,1732,1842,1975,2008,2008,2006,2160,2285,2381,2627,3159,3669,4189,4460,5032,5311,5274,5347,5422,5425,5152,4868,4600,4348
Other,Female,10 - 14 Years,892,986,1052,1115,1188,1285,1359,1440,1581,1679,1737,1871,2055,2102,2189,2459,2813,3137,3604,4310,4629,4806,4882,4863,4841,4831,4871,5010,5002
Other,Female,15 - 19 Years,866,836,856,874,900,970,1034,1083,1151,1250,1395,1486,1594,1660,1781,1952,2218,2500,2795,3150,3433,3580,3696,3876,4100,4252,4403,4418,4452
Other,Female,20 - 24 Years,1129,1181,1156,1205,1215,1164,1085,1112,1153,1165,1225,1282,1365,1415,1586,1850,2119,2389,2711,3163,3097,2970,3029,3118,3098,3183,3307,3368,3467
Other,Female,25 - 29 Years,1632,1689,1811,1847,1929,1911,1922,1874,1979,1961,1963,1900,2034,2070,2200,2644,3198,3791,4652,6312,6263,5272,4513,4094,3913,3815,3951,4005,4027
Other,Female,30 - 34 Years,1664,1823,1933,2121,2260,2321,2383,2497,2531,2625,2690,2884,3091,3356,3638,4485,5347,6330,7003,8731,9030,8714,8245,7806,7308,6905,6513,6209,6019
Other,Female,35 - 39 Years,1286,1398,1558,1670,1827,2001,2183,2310,2504,2666,2846,2992,3335,3508,3856,4593,5612,6532,7226,8495,9044,8974,9030,8940,8844,8653,8679,8483,8404
Other,Female,40 - 44 Years,1073,1176,1215,1262,1350,1430,1587,1767,1925,2105,2352,2551,2799,3018,3325,3762,4302,4972,5426,6370,7068,7506,7803,8206,8358,8491,8423,8463,8468
Other,Female,45 - 49 Years,593,585,715,844,1003,1179,1268,1310,1407,1553,1665,1822,2016,2133,2377,2704,3141,3537,3847,4416,4779,5093,5510,5813,6199,6559,7010,7279,7576
Other,Female,50 - 54 Years,691,713,703,723,691,669,664,800,939,1121,1321,1412,1475,1353,1506,1690,1964,2241,2455,2814,3054,3389,3636,3933,4203,4340,4586,4953,5249
Other,Female,55 - 59 Years,639,638,675,677,707,730,759,752,774,750,750,746,870,831,1019,1210,1335,1418,1510,1685,1811,2004,2165,2339,2540,2744,2944,3153,3456
Other,Female,60 - 64 Years,566,608,605,603,606,635,645,689,703,729,754,769,764,663,635,599,616,757,884,1046,1242,1341,1381,1465,1545,1631,1789,1915,2024
Other,Female,65 - 69 Years,450,478,499,520,546,559,593,592,590,594,625,633,673,601,616,618,627,630,652,635,605,609,714,825,961,1101,1189,1232,1299
Other,Female,70 - 74 Years,322,324,352,376,387,399,423,454,482,524,547,580,570,493,516,534,539,564,560,573,589,593,589,605,574,521,527,624,725
Other,Female,75 - 79 Years,229,241,233,232,243,259,256,283,300,318,326,359,400,310,352,378,441,442,442,459,478,479,502,499,511,512,520,506,520
Other,Female,80 - 84 Years,119,122,141,166,182,179,176,168,174,176,186,189,213,215,230,218,226,232,257,291,322,376,375,385,389,388,374,400,405
Other,Female,85 Years & Over,89,106,112,120,124,143,150,166,181,194,190,203,203,171,177,187,198,224,252,260,259,268,295,329,364,379,411,418,437
